Workbook

Sheet داده خام
A1: شماره پذیرش | B1: ماه | C1: کد ماه | D1: نوع محصول | E1: مدل | F1: شماره سریال | G1: اظهار مشتری | H1: شرح خرابی | I1: تاریخ پذیرش | J1: تاریخ تولید | K1: تاریخ نصب | L1: مدت مصرف (ماه) | M1: دسته علت خرابی | N1: قطعه تعویضی | O1: مراجعه تکراری | P1: یک سریال دو تاریخ پذیرش
A2: 100004312 | B2: شهریور | C2: 1405-06 | D2: یخچال مینی | E2: CM-RM5ST1 | F2: 52240020N00054 | G2: کسري قطعات پک بسته بندي - کد قطعه در ليست اقدامات درج مي گردد.**اياب و ذهاب به عهده شرکت | H2: کسري قطعات تزئيني داخل درب - يخچال ميني | I2: 1405/06/04 | J2: 1405/03/27 | L2: =IF(OR(TRIM(I2)="",TRIM(K2)=""),"",IFERROR((VALUE(LEFT(TRIM(I2),4))-VALUE(LEFT(TRIM(K2),4)))*12+VALUE(MID(TRIM(I2),6,2))-VALUE(MID(TRIM(K2),6,2)),"")) | M2: =IF(TRIM(H2)="","",IFERROR(LOOKUP(2,1/(ISNUMBER(SEARCH('منطق دسته‌بندی'!$A$2:$A$187,H2))),'منطق دسته‌بندی'!$B$2:$B$187),"سایر (نیازمند بررسی دستی)")) -> قطعات تزئینی - شکستگی/کسری (تعویض) | N2: MINI جا تخم مرغی | O2: {=IF(A2="","",IF(SUMPRODUCT(($B$2:$B$965=B2)*($C$2:$C$965=C2)*($D$2:$D$965=D2)*($E$2:$E$965=E2)*($F$2:$F$965=F2)*($G$2:$G$965=G2)*($H$2:$H$965=H2)*($I$2:$I$965=I2)*($J$2:$J$965=J2)*($K$2:$K$965=K2)*($N$2:$N$965=N2))=1,"خیر",IF(SUMPRODUCT(($B$2:B2=B2)*($C$2:C2=C2)*($D$2:D2=D2)*($E$2:E2=E2)*($F$2:F2=F2)*($G$2:G2=G2)*($H$2:H2=H2)*($I$2:I2=I2)*($J$2:J2=J2)*($K$2:K2=K2)*($N$2:N2=N2))=1,"بله-1","بله")))} -> خیر | P2: {=IF(A2="","",IF(SUMPRODUCT(($F$2:$F$969=F2)*($I$2:$I$969=I2))=1,"خیر",IF(SUMPRODUCT(($F$2:F2=F2)*($I$2:I2=I2))=1,"بله-1","بله")))} -> خیر
A3: 310006211 | B3: شهریور | C3: 1405-06 | D3: یخچال مینی | E3: CM-RS5WH1 | F3: 52240010N00042 | G3: خاموش و روشن شدن LED کاور / سقفي ** اياب و ذهاب به عهده شرکت | H3: خرابی LED | I3: 1405/06/01 | J3: 1405/03/10 | K3: 1405/04/22 | L3: =IF(OR(TRIM(I3)="",TRIM(K3)=""),"",IFERROR((VALUE(LEFT(TRIM(I3),4))-VALUE(LEFT(TRIM(K3),4)))*12+VALUE(MID(TRIM(I3),6,2))-VALUE(MID(TRIM(K3),6,2)),"")) -> 2 | M3: =IF(TRIM(H3)="","",IFERROR(LOOKUP(2,1/(ISNUMBER(SEARCH('منطق دسته‌بندی'!$A$2:$A$187,H3))),'منطق دسته‌بندی'!$B$2:$B$187),"سایر (نیازمند بررسی دستی)")) -> خرابی - لامپ/LED داخلی (تعویض) | N3: MINI LED یخچال | O3: {=IF(A3="","",IF(SUMPRODUCT(($B$2:$B$965=B3)*($C$2:$C$965=C3)*($D$2:$D$965=D3)*($E$2:$E$965=E3)*($F$2:$F$965=F3)*($G$2:$G$965=G3)*($H$2:$H$965=H3)*($I$2:$I$965=I3)*($J$2:$J$965=J3)*($K$2:$K$965=K3)*($N$2:$N$965=N3))=1,"خیر",IF(SUMPRODUCT(($B$2:B3=B3)*($C$2:C3=C3)*($D$2:D3=D3)*($E$2:E3=E3)*($F$2:F3=F3)*($G$2:G3=G3)*($H$2:H3=H3)*($I$2:I3=I3)*($J$2:J3=J3)*($K$2:K3=K3)*($N$2:N3=N3))=1,"بله-1","بله")))} -> خیر | P3: {=IF(A3="","",IF(SUMPRODUCT(($F$2:$F$969=F3)*($I$2:$I$969=I3))=1,"خیر",IF(SUMPRODUCT(($F$2:F3=F3)*($I$2:I3=I3))=1,"بله-1","بله")))} -> خیر
A4: 210019559 | B4: مرداد | C4: 1405-05 | D4: یخچال مینی | E4: CM-RM5WH1 | F4: 52240009N00273 | G4: ایاب و ذهاب به عهده شرکت — بسته نشدن درب | H4: خرابی کلید فشاری | I4: 1405/05/19 | J4: 1405/04/31 | L4: =IF(OR(TRIM(I4)="",TRIM(K4)=""),"",IFERROR((VALUE(LEFT(TRIM(I4),4))-VALUE(LEFT(TRIM(K4),4)))*12+VALUE(MID(TRIM(I4),6,2))-VALUE(MID(TRIM(K4),6,2)),"")) | M4: =IF(TRIM(H4)="","",IFERROR(LOOKUP(2,1/(ISNUMBER(SEARCH('منطق دسته‌بندی'!$A$2:$A$187,H4))),'منطق دسته‌بندی'!$B$2:$B$187),"سایر (نیازمند بررسی دستی)")) -> کلید فشاری (تعویض/بازبینی) | N4: MINI کلید فشاری یخچال | O4: {=IF(A4="","",IF(SUMPRODUCT(($B$2:$B$965=B4)*($C$2:$C$965=C4)*($D$2:$D$965=D4)*($E$2:$E$965=E4)*($F$2:$F$965=F4)*($G$2:$G$965=G4)*($H$2:$H$965=H4)*($I$2:$I$965=I4)*($J$2:$J$965=J4)*($K$2:$K$965=K4)*($N$2:$N$965=N4))=1,"خیر",IF(SUMPRODUCT(($B$2:B4=B4)*($C$2:C4=C4)*($D$2:D4=D4)*($E$2:E4=E4)*($F$2:F4=F4)*($G$2:G4=G4)*($H$2:H4=H4)*($I$2:I4=I4)*($J$2:J4=J4)*($K$2:K4=K4)*($N$2:N4=N4))=1,"بله-1","بله")))} -> خیر | P4: {=IF(A4="","",IF(SUMPRODUCT(($F$2:$F$969=F4)*($I$2:$I$969=I4))=1,"خیر",IF(SUMPRODUCT(($F$2:F4=F4)*($I$2:I4=I4))=1,"بله-1","بله")))} -> خیر
A5: 210023216 | B5: شهریور | C5: 1405-06 | D5: یخچال مینی | E5: CM-RM5WH1 | F5: 52240009N00267 | G5: گرم شدن محصول**اياب و ذهاب به عهده شرکت | H5: اصلاح سوکت کمپرسور | I5: 1405/06/12 | J5: 1405/05/01 | L5: =IF(OR(TRIM(I5)="",TRIM(K5)=""),"",IFERROR((VALUE(LEFT(TRIM(I5),4))-VALUE(LEFT(TRIM(K5),4)))*12+VALUE(MID(TRIM(I5),6,2))-VALUE(MID(TRIM(K5),6,2)),"")) | M5: =IF(TRIM(H5)="","",IFERROR(LOOKUP(2,1/(ISNUMBER(SEARCH('منطق دسته‌بندی'!$A$2:$A$187,H5))),'منطق دسته‌بندی'!$B$2:$B$187),"سایر (نیازمند بررسی دستی)")) -> سیم‌کشی/اتصالات (تعمیر/تنظیم) | N5: --- | O5: {=IF(A5="","",IF(SUMPRODUCT(($B$2:$B$965=B5)*($C$2:$C$965=C5)*($D$2:$D$965=D5)*($E$2:$E$965=E5)*($F$2:$F$965=F5)*($G$2:$G$965=G5)*($H$2:$H$965=H5)*($I$2:$I$965=I5)*($J$2:$J$965=J5)*($K$2:$K$965=K5)*($N$2:$N$965=N5))=1,"خیر",IF(SUMPRODUCT(($B$2:B5=B5)*($C$2:C5=C5)*($D$2:D5=D5)*($E$2:E5=E5)*($F$2:F5=F5)*($G$2:G5=G5)*($H$2:H5=H5)*($I$2:I5=I5)*($J$2:J5=J5)*($K$2:K5=K5)*($N$2:N5=N5))=1,"بله-1","بله")))} -> خیر | P5: {=IF(A5="","",IF(SUMPRODUCT(($F$2:$F$969=F5)*($I$2:$I$969=I5))=1,"خیر",IF(SUMPRODUCT(($F$2:F5=F5)*($I$2:I5=I5))=1,"بله-1","بله")))} -> خیر
A6: 210021319 | B6: شهریور | C6: 1405-06 | D6: یخچال مینی | E6: CM-RM5WH1 | F6: 52240009N00225 | G6: گرم شدن محصول**اياب و ذهاب به عهده شرکت | H6: تنظیم ترموستات | I6: 1405/06/01 | J6: 1405/04/31 | L6: =IF(OR(TRIM(I6)="",TRIM(K6)=""),"",IFERROR((VALUE(LEFT(TRIM(I6),4))-VALUE(LEFT(TRIM(K6),4)))*12+VALUE(MID(TRIM(I6),6,2))-VALUE(MID(TRIM(K6),6,2)),"")) | M6: =IF(TRIM(H6)="","",IFERROR(LOOKUP(2,1/(ISNUMBER(SEARCH('منطق دسته‌بندی'!$A$2:$A$187,H6))),'منطق دسته‌بندی'!$B$2:$B$187),"سایر (نیازمند بررسی دستی)")) -> تنظیم ترموستات (تعمیر/تنظیم) | N6: --- | O6: {=IF(A6="","",IF(SUMPRODUCT(($B$2:$B$965=B6)*($C$2:$C$965=C6)*($D$2:$D$965=D6)*($E$2:$E$965=E6)*($F$2:$F$965=F6)*($G$2:$G$965=G6)*($H$2:$H$965=H6)*($I$2:$I$965=I6)*($J$2:$J$965=J6)*($K$2:$K$965=K6)*($N$2:$N$965=N6))=1,"خیر",IF(SUMPRODUCT(($B$2:B6=B6)*($C$2:C6=C6)*($D$2:D6=D6)*($E$2:E6=E6)*($F$2:F6=F6)*($G$2:G6=G6)*($H$2:H6=H6)*($I$2:I6=I6)*($J$2:J6=J6)*($K$2:K6=K6)*($N$2:N6=N6))=1,"بله-1","بله")))} -> خیر | P6: {=IF(A6="","",IF(SUMPRODUCT(($F$2:$F$969=F6)*($I$2:$I$969=I6))=1,"خیر",IF(SUMPRODUCT(($F$2:F6=F6)*($I$2:I6=I6))=1,"بله-1","بله")))} -> خیر
A7: 130010154 | B7: مرداد | C7: 1405-05 | D7: یخچال مینی | E7: CM-RS5GR1 | F7: 52240006N00731 | G7: رنگ پريدگي درب**اياب و ذهاب به عهده شرکت | H7: رنگ پریدگی درب | I7: 1405/05/26 | J7: 1405/02/02 | L7: =IF(OR(TRIM(I7)="",TRIM(K7)=""),"",IFERROR((VALUE(LEFT(TRIM(I7),4))-VALUE(LEFT(TRIM(K7),4)))*12+VALUE(MID(TRIM(I7),6,2))-VALUE(MID(TRIM(K7),6,2)),"")) | M7: =IF(TRIM(H7)="","",IFERROR(LOOKUP(2,1/(ISNUMBER(SEARCH('منطق دسته‌بندی'!$A$2:$A$187,H7))),'منطق دسته‌بندی'!$B$2:$B$187),"سایر (نیازمند بررسی دستی)")) -> بدنه/درب - ایراد ظاهری (بازبینی) | N7: تعویض محصول | O7: {=IF(A7="","",IF(SUMPRODUCT(($B$2:$B$965=B7)*($C$2:$C$965=C7)*($D$2:$D$965=D7)*($E$2:$E$965=E7)*($F$2:$F$965=F7)*($G$2:$G$965=G7)*($H$2:$H$965=H7)*($I$2:$I$965=I7)*($J$2:$J$965=J7)*($K$2:$K$965=K7)*($N$2:$N$965=N7))=1,"خیر",IF(SUMPRODUCT(($B$2:B7=B7)*($C$2:C7=C7)*($D$2:D7=D7)*($E$2:E7=E7)*($F$2:F7=F7)*($G$2:G7=G7)*($H$2:H7=H7)*($I$2:I7=I7)*($J$2:J7=J7)*($K$2:K7=K7)*($N$2:N7=N7))=1,"بله-1","بله")))} -> خیر | P7: {=IF(A7="","",IF(SUMPRODUCT(($F$2:$F$969=F7)*($I$2:$I$969=I7))=1,"خیر",IF(SUMPRODUCT(($F$2:F7=F7)*($I$2:I7=I7))=1,"بله-1","بله")))} -> خیر
A8: 510024753 | B8: شهریور | C8: 1405-06 | D8: یخچال مینی | E8: CM-RS5GR1 | F8: 52240006N00670 | G8: خاموش بودن LED کاور / سقفي**شکستگي قطعات تزئيني کابين- کد قطعه در ليست اقدامات درج مي گردد.**اياب و ذهاب به عهده شرکت | H8: خرابی LED | I8: 1405/06/01 | J8: 1404/12/09 | L8: =IF(OR(TRIM(I8)="",TRIM(K8)=""),"",IFERROR((VALUE(LEFT(TRIM(I8),4))-VALUE(LEFT(TRIM(K8),4)))*12+VALUE(MID(TRIM(I8),6,2))-VALUE(MID(TRIM(K8),6,2)),"")) | M8: =IF(TRIM(H8)="","",IFERROR(LOOKUP(2,1/(ISNUMBER(SEARCH('منطق دسته‌بندی'!$A$2:$A$187,H8))),'منطق دسته‌بندی'!$B$2:$B$187),"سایر (نیازمند بررسی دستی)")) -> خرابی - لامپ/LED داخلی (تعویض) | N8: MINI LED یخچال | O8: {=IF(A8="","",IF(SUMPRODUCT(($B$2:$B$965=B8)*($C$2:$C$965=C8)*($D$2:$D$965=D8)*($E$2:$E$965=E8)*($F$2:$F$965=F8)*($G$2:$G$965=G8)*($H$2:$H$965=H8)*($I$2:$I$965=I8)*($J$2:$J$965=J8)*($K$2:$K$965=K8)*($N$2:$N$965=N8))=1,"خیر",IF(SUMPRODUCT(($B$2:B8=B8)*($C$2:C8=C8)*($D$2:D8=D8)*($E$2:E8=E8)*($F$2:F8=F8)*($G$2:G8=G8)*($H$2:H8=H8)*($I$2:I8=I8)*($J$2:J8=J8)*($K$2:K8=K8)*($N$2:N8=N8))=1,"بله-1","بله")))} -> خیر | P8: {=IF(A8="","",IF(SUMPRODUCT(($F$2:$F$969=F8)*($I$2:$I$969=I8))=1,"خیر",IF(SUMPRODUCT(($F$2:F8=F8)*($I$2:I8=I8))=1,"بله-1","بله")))} -> خیر
A9: 210024158 | B9: شهریور | C9: 1405-06 | D9: یخچال مینی | E9: CM-RS5GR1 | F9: 52240006N00362 | G9: شکستگي قطعات تزئيني درب- کد قطعه در ليست اقدامات درج مي گردد. ** خاموش و روشن شدن LED آبسردکن ** اياب و ذهاب به عهده شرکت | H9: شکستگي قطعات تزئيني داخل درب - يخچال ميني | I9: 1405/06/17 | J9: 1404/11/08 | K9: 1405/03/04 | L9: =IF(OR(TRIM(I9)="",TRIM(K9)=""),"",IFERROR((VALUE(LEFT(TRIM(I9),4))-VALUE(LEFT(TRIM(K9),4)))*12+VALUE(MID(TRIM(I9),6,2))-VALUE(MID(TRIM(K9),6,2)),"")) -> 3 | M9: =IF(TRIM(H9)="","",IFERROR(LOOKUP(2,1/(ISNUMBER(SEARCH('منطق دسته‌بندی'!$A$2:$A$187,H9))),'منطق دسته‌بندی'!$B$2:$B$187),"سایر (نیازمند بررسی دستی)")) -> قطعات تزئینی - شکستگی/کسری (تعویض) | N9: MINI شلف کوچک یخچال | O9: {=IF(A9="","",IF(SUMPRODUCT(($B$2:$B$965=B9)*($C$2:$C$965=C9)*($D$2:$D$965=D9)*($E$2:$E$965=E9)*($F$2:$F$965=F9)*($G$2:$G$965=G9)*($H$2:$H$965=H9)*($I$2:$I$965=I9)*($J$2:$J$965=J9)*($K$2:$K$965=K9)*($N$2:$N$965=N9))=1,"خیر",IF(SUMPRODUCT(($B$2:B9=B9)*($C$2:C9=C9)*($D$2:D9=D9)*($E$2:E9=E9)*($F$2:F9=F9)*($G$2:G9=G9)*($H$2:H9=H9)*($I$2:I9=I9)*($J$2:J9=J9)*($K$2:K9=K9)*($N$2:N9=N9))=1,"بله-1","بله")))} -> خیر | P9: {=IF(A9="","",IF(SUMPRODUCT(($F$2:$F$969=F9)*($I$2:$I$969=I9))=1,"خیر",IF(SUMPRODUCT(($F$2:F9=F9)*($I$2:I9=I9))=1,"بله-1","بله")))} -> خیر
A10: 130011968 | B10: شهریور | C10: 1405-06 | D10: يخچال ميني | E10: MINI-R | F10: 52240005N00190 | G10: خاموش و روشن شدن LED کاور / سقفي**اياب و ذهاب به عهده شرکت | H10: خرابی LED | I10: 1405/06/23 | J10: 1404/06/29 | K10: 1404/09/24 | L10: =IF(OR(TRIM(I10)="",TRIM(K10)=""),"",IFERROR((VALUE(LEFT(TRIM(I10),4))-VALUE(LEFT(TRIM(K10),4)))*12+VALUE(MID(TRIM(I10),6,2))-VALUE(MID(TRIM(K10),6,2)),"")) -> 9 | M10: =IF(OR(ISNUMBER(SEARCH("بدون مورد",H10)),ISNUMBER(SEARCH("غير گارانتي",H10)),ISNUMBER(SEARCH("غیر گارانتی",H10)),ISNUMBER(SEARCH("بدون اجرت",H10)),ISNUMBER(SEARCH("فيلتر",H10)),ISNUMBER(SEARCH("فیلتر",H10))),"غیرگارانتی/بدون قطعه",IF(OR(ISNUMBER(SEARCH("ريست",H10)),ISNUMBER(SEARCH("ریست",H10))),"ریست نرم‌افزاری (بدون قطعه)",IF(OR(ISNUMBER(SEARCH("تعویض محصول",H10)),ISNUMBER(SEARCH("تعویض دستگاه",H10))),"تعویض کامل دستگاه (Replacement)",IF(ISNUMBER(SEARCH("پمپ",H10)),IF(ISNUMBER(SEARCH("نشت",H10)),"نشتی - پمپ تخلیه (تعمیر/آب‌بندی)","خرابی - پمپ تخلیه (تعویض)"),IF(ISNUMBER(SEARCH("کمپرسور",H10)),"خرابی - کمپرسور (تعویض)",IF(ISNUMBER(SEARCH("کمک فنر",H10)),"خرابی - کمک فنر (تعویض)",IF(ISNUMBER(SEARCH("لولا",H10)),"مکانیزم درب - لولا (تعویض)",IF(OR(ISNUMBER(SEARCH("قلاب",H10)),ISNUMBER(SEARCH("ميکروسوئيچ",H10)),ISNUMBER(SEARCH("میکروسوئیچ",H10))),"مکانیزم درب - میکروسوئیچ/قلاب (تعویض/تنظیم)",IF(ISNUMBER(SEARCH("زبانه",H10)),"مکانیزم درب - زبانه (تعویض)",IF(OR(ISNUMBER(SEARCH("شيلنگ",H10)),ISNUMBER(SEARCH("شیلنگ",H10))),IF(OR(ISNUMBER(SEARCH("نشتی",H10)),ISNUMBER(SEARCH("نشتي",H10))),"نشتی - شیلنگ (تعمیر/آب‌بندی)",IF(OR(ISNUMBER(SEARCH("يخ",H10)),ISNUMBER(SEARCH("یخ",H10))),"شیلنگ یخساز - یخ‌زدگی (بازبینی)","شیلنگ - برخورد/لهیدگی (بازبینی)")),IF(OR(ISNUMBER(SEARCH("تنظيم ديسپل",H10)),ISNUMBER(SEARCH("تنظیم دیسپل",H10)),ISNUMBER(SEARCH("تنظيم صفحه نمايش",H10)),ISNUMBER(SEARCH("تنظیم صفحه نمایش",H10))),"تنظیم - تنظیمات دستگاه/دیسپلی (تعمیر)",IF(OR(ISNUMBER(SEARCH("برد",H10)),ISNUMBER(SEARCH("سوکت",H10)),ISNUMBER(SEARCH("ديسپل",H10)),ISNUMBER(SEARCH("دیسپل",H10))),"خرابی - برد الکترونیک (تعویض)",IF(OR(ISNUMBER(SEARCH("يخساز",H10)),ISNUMBER(SEARCH("یخساز",H10)),ISNUMBER(SEARCH("دمپر",H10))),IF(OR(ISNUMBER(SEARCH("خرابی",H10)),ISNUMBER(SEARCH("خراب",H10)),ISNUMBER(SEARCH("عدم کارکرد",H10)),ISNUMBER(SEARCH("عدم عملکرد",H10))),"یخساز - خرابی موتور/سنسور/برد (تعویض)","یخساز - تنظیم/عایق (تعمیر)"),IF(OR(ISNUMBER(SEARCH("لاستيک",H10)),ISNUMBER(SEARCH("لاستیک",H10))),"لاستیک درزگیر - دفرمگی/پارگی (تعویض)",IF(OR(ISNUMBER(SEARCH("گسکت",H10)),ISNUMBER(SEARCH("گسگت",H10))),"لاستیک درزگیر - دفرمگی/پارگی (تعویض)",IF(ISNUMBER(SEARCH("مخزن نمک",H10)),"نشتی - درب مخزن نمک (تعمیر/آب‌بندی)",IF(ISNUMBER(SEARCH("براکت",H10)),"نشتی - براکت ریل (تعمیر/آب‌بندی)",IF(ISNUMBER(SEARCH("جاپودر",H10)),"نشتی - جاپودری (تعمیر/آب‌بندی)",IF(ISNUMBER(SEARCH("مقسم",H10)),"نشتی - مقسم آب (تعمیر/آب‌بندی)",IF(OR(ISNUMBER(SEARCH("سنسور دما",H10)),ISNUMBER(SEARCH("ترموستات",H10))),"خرابی - ترموستات (تعویض)",IF(OR(ISNUMBER(SEARCH("هيدروستات",H10)),ISNUMBER(SEARCH("هیدروستات",H10))),"خرابی - هیدروستات (تعویض)",IF(OR(ISNUMBER(SEARCH("بلبرينگ",H10)),ISNUMBER(SEARCH("بلبرینگ",H10))),"خرابی - بلبرینگ (تعویض)",IF(OR(ISNUMBER(SEARCH("شيربرق",H10)),ISNUMBER(SEARCH("شیربرق",H10))),"خرابی - شیربرقی (تعویض)",IF(OR(ISNUMBER(SEARCH("واتر جت",H10)),ISNUMBER(SEARCH("واترجت",H10))),"خرابی - واترجت (تعویض)",IF(OR(ISNUMBER(SEARCH("سيم",H10)),ISNUMBER(SEARCH("سیم",H10)),ISNUMBER(SEARCH("اتصال",H10))),"سیم‌کشی/اتصالات (تعویض/بازبینی)",IF(OR(ISNUMBER(SEARCH("تصوير",H10)),ISNUMBER(SEARCH("تصویر",H10))),"برد نمایش تلویزیون (تعویض)",IF(OR(ISNUMBER(SEARCH("ريموت",H10)),ISNUMBER(SEARCH("ریموت",H10))),"ریموت کنترل (تعویض/تعمیر)",IF(OR(ISNUMBER(SEARCH("ال اي دي",H10)),ISNUMBER(SEARCH("ال ای دی",H10)),ISNUMBER(SEARCH("LED",H10))),"خرابی - لامپ/LED داخلی (تعویض)",IF(ISNUMBER(SEARCH("زنگ زدگ",H10)),"زنگ‌زدگی بدنه/قطعه (تعویض)",IF(OR(ISNUMBER(SEARCH("قطعات تزئين",H10)),ISNUMBER(SEARCH("قطعات تزئین",H10))),"قطعات تزئینی - شکستگی/کسری (تعویض)",IF(ISNUMBER(SEARCH("سبد",H10)),"سبد ظرفشویی - شکستگی (تعویض)",IF(ISNUMBER(SEARCH("تاب درام",H10)),"خرابی - تاب برداشتن درام (تعویض)",IF(ISNUMBER(SEARCH("درام",H10)),"خرابی - سایر ایراد درام (تعویض)",IF(ISNUMBER(SEARCH("موتور",H10)),"خرابی - موتور (تعویض)",IF(ISNUMBER(SEARCH("تسمه",H10)),"خرابی - تسمه (تعویض)",IF(OR(ISNUMBER(SEARCH("پيچ ولوم",H10)),ISNUMBER(SEARCH("پیچ ولوم",H10))),"تنظیم - پیچ ولوم/دکمه (تعمیر)",IF(OR(ISNUMBER(SEARCH("کسري قطعات",H10)),ISNUMBER(SEARCH("کسری قطعات",H10))),"کسری قطعات تزئینی (تعویض)",IF(ISNUMBER(SEARCH("پرچ",H10)),"پرچ/بدنه کابین(تعمیر)",IF(OR(ISNUMBER(SEARCH("نشت",H10)),ISNUMBER(SEARCH("آبريزش",H10)),ISNUMBER(SEARCH("آبریزش",H10))),"نشتی آب - محل نامشخص (نیازمند بازدید)",IF(ISNUMBER(SEARCH("درب",H10)),"سایر اجزای درب (بازبینی)",IF(ISNUMBER(SEARCH("ضربه",H10)),"بدنه/کابین - ضربه (بازبینی/تعویض پنل)",IF(ISNUMBER(SEARCH("تراز",H10)),"تراز/لرزش - نصب (رگلاژ پایه)",IF(OR(ISNUMBER(SEARCH("تعویض",H10)),ISNUMBER(SEARCH("تعويض",H10))),"تعویض کامل دستگاه (Replacement)","سایر (نیازمند بررسی دستی)"))))))))))))))))))))))))))))))))))))))))))) -> خرابی - لامپ/LED داخلی (تعویض) | N10: MINI LED یخچال | O10: {=IF(A10="","",IF(SUMPRODUCT(($B$2:$B$965=B10)*($C$2:$C$965=C10)*($D$2:$D$965=D10)*($E$2:$E$965=E10)*($F$2:$F$965=F10)*($G$2:$G$965=G10)*($H$2:$H$965=H10)*($I$2:$I$965=I10)*($J$2:$J$965=J10)*($K$2:$K$965=K10)*($N$2:$N$965=N10))=1,"خیر",IF(SUMPRODUCT(($B$2:B10=B10)*($C$2:C10=C10)*($D$2:D10=D10)*($E$2:E10=E10)*($F$2:F10=F10)*($G$2:G10=G10)*($H$2:H10=H10)*($I$2:I10=I10)*($J$2:J10=J10)*($K$2:K10=K10)*($N$2:N10=N10))=1,"بله-1","بله")))} -> خیر | P10: {=IF(A10="","",IF(SUMPRODUCT(($F$2:$F$969=F10)*($I$2:$I$969=I10))=1,"خیر",IF(SUMPRODUCT(($F$2:F10=F10)*($I$2:I10=I10))=1,"بله-1","بله")))} -> خیر
A11: 210017131 | B11: مرداد | C11: 1405-05 | D11: یخچال مینی | E11: CM-RS5BL1 | F11: 52240005N00063 | G11: خاموش بودن LED کاور / سقفی — ایاب و ذهاب به عهده مشتری | H11: خرابی LED | I11: 1405/05/04 | K11: 1404/08/04 | L11: =IF(OR(TRIM(I11)="",TRIM(K11)=""),"",IFERROR((VALUE(LEFT(TRIM(I11),4))-VALUE(LEFT(TRIM(K11),4)))*12+VALUE(MID(TRIM(I11),6,2))-VALUE(MID(TRIM(K11),6,2)),"")) -> 9 | M11: =IF(TRIM(H11)="","",IFERROR(LOOKUP(2,1/(ISNUMBER(SEARCH('منطق دسته‌بندی'!$A$2:$A$187,H11))),'منطق دسته‌بندی'!$B$2:$B$187),"سایر (نیازمند بررسی دستی)")) -> خرابی - لامپ/LED داخلی (تعویض) | N11: MINI LED یخچال | O11: {=IF(A11="","",IF(SUMPRODUCT(($B$2:$B$965=B11)*($C$2:$C$965=C11)*($D$2:$D$965=D11)*($E$2:$E$965=E11)*($F$2:$F$965=F11)*($G$2:$G$965=G11)*($H$2:$H$965=H11)*($I$2:$I$965=I11)*($J$2:$J$965=J11)*($K$2:$K$965=K11)*($N$2:$N$965=N11))=1,"خیر",IF(SUMPRODUCT(($B$2:B11=B11)*($C$2:C11=C11)*($D$2:D11=D11)*($E$2:E11=E11)*($F$2:F11=F11)*($G$2:G11=G11)*($H$2:H11=H11)*($I$2:I11=I11)*($J$2:J11=J11)*($K$2:K11=K11)*($N$2:N11=N11))=1,"بله-1","بله")))} -> خیر | P11: {=IF(A11="","",IF(SUMPRODUCT(($F$2:$F$969=F11)*($I$2:$I$969=I11))=1,"خیر",IF(SUMPRODUCT(($F$2:F11=F11)*($I$2:I11=I11))=1,"بله-1","بله")))} -> خیر
A12: 210018440 | B12: مرداد | C12: 1405-05 | D12: یخچال مینی | E12: CM-RS5BL1 | F12: 52240005N00063 | G12: خاموش بودن LED کاور / سقفی — مجدد — ایاب و ذهاب به عهده شرکت | H12: خرابی LED | I12: 1405/05/12 | J12: 1404/04/22 | K12: 1404/08/04 | L12: =IF(OR(TRIM(I12)="",TRIM(K12)=""),"",IFERROR((VALUE(LEFT(TRIM(I12),4))-VALUE(LEFT(TRIM(K12),4)))*12+VALUE(MID(TRIM(I12),6,2))-VALUE(MID(TRIM(K12),6,2)),"")) -> 9 | M12: =IF(TRIM(H12)="","",IFERROR(LOOKUP(2,1/(ISNUMBER(SEARCH('منطق دسته‌بندی'!$A$2:$A$187,H12))),'منطق دسته‌بندی'!$B$2:$B$187),"سایر (نیازمند بررسی دستی)")) -> خرابی - لامپ/LED داخلی (تعویض) | N12: MINI LED یخچال | O12: {=IF(A12="","",IF(SUMPRODUCT(($B$2:$B$965=B12)*($C$2:$C$965=C12)*($D$2:$D$965=D12)*($E$2:$E$965=E12)*($F$2:$F$965=F12)*($G$2:$G$965=G12)*($H$2:$H$965=H12)*($I$2:$I$965=I12)*($J$2:$J$965=J12)*($K$2:$K$965=K12)*($N$2:$N$965=N12))=1,"خیر",IF(SUMPRODUCT(($B$2:B12=B12)*($C$2:C12=C12)*($D$2:D12=D12)*($E$2:E12=E12)*($F$2:F12=F12)*($G$2:G12=G12)*($H$2:H12=H12)*($I$2:I12=I12)*($J$2:J12=J12)*($K$2:K12=K12)*($N$2:N12=N12))=1,"بله-1","بله")))} -> خیر | P12: {=IF(A12="","",IF(SUMPRODUCT(($F$2:$F$969=F12)*($I$2:$I$969=I12))=1,"خیر",IF(SUMPRODUCT(($F$2:F12=F12)*($I$2:I12=I12))=1,"بله-1","بله")))} -> خیر
A13: 310007859 | B13: مرداد | C13: 1405-05 | D13: یخچال مینی | E13: CM-RS5BK2 | F13: 52240004N00484 | G13: خاموش و روشن شدن LED کاور / سقفی — ایاب و ذهاب به عهده شرکت | H13: خرابی کلید فشاری | I13: 1405/05/17 | J13: 1404/11/01 | K13: 1405/04/01 | L13: =IF(OR(TRIM(I13)="",TRIM(K13)=""),"",IFERROR((VALUE(LEFT(TRIM(I13),4))-VALUE(LEFT(TRIM(K13),4)))*12+VALUE(MID(TRIM(I13),6,2))-VALUE(MID(TRIM(K13),6,2)),"")) -> 1 | M13: =IF(TRIM(H13)="","",IFERROR(LOOKUP(2,1/(ISNUMBER(SEARCH('منطق دسته‌بندی'!$A$2:$A$187,H13))),'منطق دسته‌بندی'!$B$2:$B$187),"سایر (نیازمند بررسی دستی)")) -> کلید فشاری (تعویض/بازبینی) | N13: MINI کلید فشاری یخچال | O13: {=IF(A13="","",IF(SUMPRODUCT(($B$2:$B$965=B13)*($C$2:$C$965=C13)*($D$2:$D$965=D13)*($E$2:$E$965=E13)*($F$2:$F$965=F13)*($G$2:$G$965=G13)*($H$2:$H$965=H13)*($I$2:$I$965=I13)*($J$2:$J$965=J13)*($K$2:$K$965=K13)*($N$2:$N$965=N13))=1,"خیر",IF(SUMPRODUCT(($B$2:B13=B13)*($C$2:C13=C13)*($D$2:D13=D13)*($E$2:E13=E13)*($F$2:F13=F13)*($G$2:G13=G13)*($H$2:H13=H13)*($I$2:I13=I13)*($J$2:J13=J13)*($K$2:K13=K13)*($N$2:N13=N13))=1,"بله-1","بله")))} -> خیر | P13: {=IF(A13="","",IF(SUMPRODUCT(($F$2:$F$969=F13)*($I$2:$I$969=I13))=1,"خیر",IF(SUMPRODUCT(($F$2:F13=F13)*($I$2:I13=I13))=1,"بله-1","بله")))} -> خیر
A14: 510025638 | B14: شهریور | C14: 1405-06 | D14: یخچال مینی | E14: CM-RS5BK2 | F14: 52240004N00400 | G14: خاموش بودن LED کاور / سقفي**اياب و ذهاب به عهده شرکت | H14: خرابی کلید فشاری | I14: 1405/06/12 | J14: 1404/10/02 | L14: =IF(OR(TRIM(I14)="",TRIM(K14)=""),"",IFERROR((VALUE(LEFT(TRIM(I14),4))-VALUE(LEFT(TRIM(K14),4)))*12+VALUE(MID(TRIM(I14),6,2))-VALUE(MID(TRIM(K14),6,2)),"")) | M14: =IF(TRIM(H14)="","",IFERROR(LOOKUP(2,1/(ISNUMBER(SEARCH('منطق دسته‌بندی'!$A$2:$A$187,H14))),'منطق دسته‌بندی'!$B$2:$B$187),"سایر (نیازمند بررسی دستی)")) -> کلید فشاری (تعویض/بازبینی) | N14: MINI کليد فشاري يخچال | O14: {=IF(A14="","",IF(SUMPRODUCT(($B$2:$B$965=B14)*($C$2:$C$965=C14)*($D$2:$D$965=D14)*($E$2:$E$965=E14)*($F$2:$F$965=F14)*($G$2:$G$965=G14)*($H$2:$H$965=H14)*($I$2:$I$965=I14)*($J$2:$J$965=J14)*($K$2:$K$965=K14)*($N$2:$N$965=N14))=1,"خیر",IF(SUMPRODUCT(($B$2:B14=B14)*($C$2:C14=C14)*($D$2:D14=D14)*($E$2:E14=E14)*($F$2:F14=F14)*($G$2:G14=G14)*($H$2:H14=H14)*($I$2:I14=I14)*($J$2:J14=J14)*($K$2:K14=K14)*($N$2:N14=N14))=1,"بله-1","بله")))} -> خیر | P14: {=IF(A14="","",IF(SUMPRODUCT(($F$2:$F$969=F14)*($I$2:$I$969=I14))=1,"خیر",IF(SUMPRODUCT(($F$2:F14=F14)*($I$2:I14=I14))=1,"بله-1","بله")))} -> خیر
A15: 310008317 | B15: مرداد | C15: 1405-05 | D15: یخچال مینی | E15: CM-RS5BK2 | F15: 52240004N00311 | G15: خاموش و روشن شدن LED کاور / سقفي**اياب و ذهاب به عهده شرکت | H15: خرابی کلید فشاری | I15: 1405/05/24 | J15: 1403/11/25 | K15: 1405/04/16 | L15: =IF(OR(TRIM(I15)="",TRIM(K15)=""),"",IFERROR((VALUE(LEFT(TRIM(I15),4))-VALUE(LEFT(TRIM(K15),4)))*12+VALUE(MID(TRIM(I15),6,2))-VALUE(MID(TRIM(K15),6,2)),"")) -> 1 | M15: =IF(TRIM(H15)="","",IFERROR(LOOKUP(2,1/(ISNUMBER(SEARCH('منطق دسته‌بندی'!$A$2:$A$187,H15))),'منطق دسته‌بندی'!$B$2:$B$187),"سایر (نیازمند بررسی دستی)")) -> کلید فشاری (تعویض/بازبینی) | N15: MINI کليد فشاري يخچال | O15: {=IF(A15="","",IF(SUMPRODUCT(($B$2:$B$965=B15)*($C$2:$C$965=C15)*($D$2:$D$965=D15)*($E$2:$E$965=E15)*($F$2:$F$965=F15)*($G$2:$G$965=G15)*($H$2:$H$965=H15)*($I$2:$I$965=I15)*($J$2:$J$965=J15)*($K$2:$K$965=K15)*($N$2:$N$965=N15))=1,"خیر",IF(SUMPRODUCT(($B$2:B15=B15)*($C$2:C15=C15)*($D$2:D15=D15)*($E$2:E15=E15)*($F$2:F15=F15)*($G$2:G15=G15)*($H$2:H15=H15)*($I$2:I15=I15)*($J$2:J15=J15)*($K$2:K15=K15)*($N$2:N15=N15))=1,"بله-1","بله")))} -> خیر | P15: {=IF(A15="","",IF(SUMPRODUCT(($F$2:$F$969=F15)*($I$2:$I$969=I15))=1,"خیر",IF(SUMPRODUCT(($F$2:F15=F15)*($I$2:I15=I15))=1,"بله-1","بله")))} -> خیر
A16: 210006788 | B16: اردیبهشت | C16: 1405-02 | D16: یخچال مینی | E16: CM-RS5BK2 | F16: 52240004N00285 | G16: گرم شدن محصول — ایاب و ذهاب به عهده شرکت | H16: سوختن کمپرسور - یخچال مینی | I16: 1405/02/29 | J16: 1403/11/24 | K16: 1404/02/30 | L16: =IF(OR(TRIM(I16)="",TRIM(K16)=""),"",IFERROR((VALUE(LEFT(TRIM(I16),4))-VALUE(LEFT(TRIM(K16),4)))*12+VALUE(MID(TRIM(I16),6,2))-VALUE(MID(TRIM(K16),6,2)),"")) -> 12 | M16: =IF(TRIM(H16)="","",IFERROR(LOOKUP(2,1/(ISNUMBER(SEARCH('منطق دسته‌بندی'!$A$2:$A$187,H16))),'منطق دسته‌بندی'!$B$2:$B$187),"سایر (نیازمند بررسی دستی)")) -> خرابی - کمپرسور (تعویض) | N16: کمپرسور مینی | O16: {=IF(A16="","",IF(SUMPRODUCT(($B$2:$B$965=B16)*($C$2:$C$965=C16)*($D$2:$D$965=D16)*($E$2:$E$965=E16)*($F$2:$F$965=F16)*($G$2:$G$965=G16)*($H$2:$H$965=H16)*($I$2:$I$965=I16)*($J$2:$J$965=J16)*($K$2:$K$965=K16)*($N$2:$N$965=N16))=1,"خیر",IF(SUMPRODUCT(($B$2:B16=B16)*($C$2:C16=C16)*($D$2:D16=D16)*($E$2:E16=E16)*($F$2:F16=F16)*($G$2:G16=G16)*($H$2:H16=H16)*($I$2:I16=I16)*($J$2:J16=J16)*($K$2:K16=K16)*($N$2:N16=N16))=1,"بله-1","بله")))} -> خیر | P16: {=IF(A16="","",IF(SUMPRODUCT(($F$2:$F$969=F16)*($I$2:$I$969=I16))=1,"خیر",IF(SUMPRODUCT(($F$2:F16=F16)*($I$2:I16=I16))=1,"بله-1","بله")))} -> خیر
A17: 210005280 | B17: فروردین | C17: 1405-01 | D17: یخچال مینی | E17: MINI-R (BLACK) | F17: 52240004N00055 | G17: افتادگی درب/ تنظیم درب — ایاب و ذهاب به عهده شرکت | H17: تعویض لولا | I17: 1405/01/16 | J17: 1403/08/13 | K17: 1403/12/25 | L17: =IF(OR(TRIM(I17)="",TRIM(K17)=""),"",IFERROR((VALUE(LEFT(TRIM(I17),4))-VALUE(LEFT(TRIM(K17),4)))*12+VALUE(MID(TRIM(I17),6,2))-VALUE(MID(TRIM(K17),6,2)),"")) -> 13 | M17: =IF(TRIM(H17)="","",IFERROR(LOOKUP(2,1/(ISNUMBER(SEARCH('منطق دسته‌بندی'!$A$2:$A$187,H17))),'منطق دسته‌بندی'!$B$2:$B$187),"سایر (نیازمند بررسی دستی)")) -> مکانیزم درب - لولا (تعویض/تنظیم) | N17: لولا درب | O17: {=IF(A17="","",IF(SUMPRODUCT(($B$2:$B$965=B17)*($C$2:$C$965=C17)*($D$2:$D$965=D17)*($E$2:$E$965=E17)*($F$2:$F$965=F17)*($G$2:$G$965=G17)*($H$2:$H$965=H17)*($I$2:$I$965=I17)*($J$2:$J$965=J17)*($K$2:$K$965=K17)*($N$2:$N$965=N17))=1,"خیر",IF(SUMPRODUCT(($B$2:B17=B17)*($C$2:C17=C17)*($D$2:D17=D17)*($E$2:E17=E17)*($F$2:F17=F17)*($G$2:G17=G17)*($H$2:H17=H17)*($I$2:I17=I17)*($J$2:J17=J17)*($K$2:K17=K17)*($N$2:N17=N17))=1,"بله-1","بله")))} -> خیر | P17: {=IF(A17="","",IF(SUMPRODUCT(($F$2:$F$969=F17)*($I$2:$I$969=I17))=1,"خیر",IF(SUMPRODUCT(($F$2:F17=F17)*($I$2:I17=I17))=1,"بله-1","بله")))} -> خیر
A18: 210022043 | B18: مرداد | C18: 1405-05 | D18: یخچال مینی | E18: CM-RS5RE1 | F18: 52240003N02110 | G18: خاموش بودن LED کاور / سقفي**اياب و ذهاب به عهده شرکت | H18: خرابی کلید فشاری | I18: 1405/05/26 | J18: 1405/03/13 | K18: 1405/05/21 | L18: =IF(OR(TRIM(I18)="",TRIM(K18)=""),"",IFERROR((VALUE(LEFT(TRIM(I18),4))-VALUE(LEFT(TRIM(K18),4)))*12+VALUE(MID(TRIM(I18),6,2))-VALUE(MID(TRIM(K18),6,2)),"")) -> 0 | M18: =IF(TRIM(H18)="","",IFERROR(LOOKUP(2,1/(ISNUMBER(SEARCH('منطق دسته‌بندی'!$A$2:$A$187,H18))),'منطق دسته‌بندی'!$B$2:$B$187),"سایر (نیازمند بررسی دستی)")) -> کلید فشاری (تعویض/بازبینی) | N18: MINI کليد فشاري يخچال | O18: {=IF(A18="","",IF(SUMPRODUCT(($B$2:$B$965=B18)*($C$2:$C$965=C18)*($D$2:$D$965=D18)*($E$2:$E$965=E18)*($F$2:$F$965=F18)*($G$2:$G$965=G18)*($H$2:$H$965=H18)*($I$2:$I$965=I18)*($J$2:$J$965=J18)*($K$2:$K$965=K18)*($N$2:$N$965=N18))=1,"خیر",IF(SUMPRODUCT(($B$2:B18=B18)*($C$2:C18=C18)*($D$2:D18=D18)*($E$2:E18=E18)*($F$2:F18=F18)*($G$2:G18=G18)*($H$2:H18=H18)*($I$2:I18=I18)*($J$2:J18=J18)*($K$2:K18=K18)*($N$2:N18=N18))=1,"بله-1","بله")))} -> خیر | P18: {=IF(A18="","",IF(SUMPRODUCT(($F$2:$F$969=F18)*($I$2:$I$969=I18))=1,"خیر",IF(SUMPRODUCT(($F$2:F18=F18)*($I$2:I18=I18))=1,"بله-1","بله")))} -> خیر
A19: 210013253 | B19: خرداد | C19: 1405-03 | D19: یخچال مینی | E19: CM-RS5RE1 | F19: 52240003N01957 | G19: خاموش بودن LED کاور / سقفی — ایاب و ذهاب به عهده شرکت | H19: خرابی ال ای دی داخل کابین - یخچال مینی | I19: 1405/03/09 | J19: 1405/03/04 | K19: 1405/03/04 | L19: =IF(OR(TRIM(I19)="",TRIM(K19)=""),"",IFERROR((VALUE(LEFT(TRIM(I19),4))-VALUE(LEFT(TRIM(K19),4)))*12+VALUE(MID(TRIM(I19),6,2))-VALUE(MID(TRIM(K19),6,2)),"")) -> 0 | M19: =IF(TRIM(H19)="","",IFERROR(LOOKUP(2,1/(ISNUMBER(SEARCH('منطق دسته‌بندی'!$A$2:$A$187,H19))),'منطق دسته‌بندی'!$B$2:$B$187),"سایر (نیازمند بررسی دستی)")) -> خرابی - لامپ/LED داخلی (تعویض) | N19: لامپ مینی | O19: {=IF(A19="","",IF(SUMPRODUCT(($B$2:$B$965=B19)*($C$2:$C$965=C19)*($D$2:$D$965=D19)*($E$2:$E$965=E19)*($F$2:$F$965=F19)*($G$2:$G$965=G19)*($H$2:$H$965=H19)*($I$2:$I$965=I19)*($J$2:$J$965=J19)*($K$2:$K$965=K19)*($N$2:$N$965=N19))=1,"خیر",IF(SUMPRODUCT(($B$2:B19=B19)*($C$2:C19=C19)*($D$2:D19=D19)*($E$2:E19=E19)*($F$2:F19=F19)*($G$2:G19=G19)*($H$2:H19=H19)*($I$2:I19=I19)*($J$2:J19=J19)*($K$2:K19=K19)*($N$2:N19=N19))=1,"بله-1","بله")))} -> خیر | P19: {=IF(A19="","",IF(SUMPRODUCT(($F$2:$F$969=F19)*($I$2:$I$969=I19))=1,"خیر",IF(SUMPRODUCT(($F$2:F19=F19)*($I$2:I19=I19))=1,"بله-1","بله")))} -> خیر
A20: 210023074 | B20: شهریور | C20: 1405-06 | D20: یخچال مینی | E20: CM-RS5RE1 | F20: 52240003N01352 | G20: خاموش بودن LED کاور / سقفي ** اياب و ذهاب به عهده شرکت | H20: خرابی LED | I20: 1405/06/11 | J20: 1404/09/11 | K20: 1405/06/10 | L20: =IF(OR(TRIM(I20)="",TRIM(K20)=""),"",IFERROR((VALUE(LEFT(TRIM(I20),4))-VALUE(LEFT(TRIM(K20),4)))*12+VALUE(MID(TRIM(I20),6,2))-VALUE(MID(TRIM(K20),6,2)),"")) -> 0 | M20: =IF(TRIM(H20)="","",IFERROR(LOOKUP(2,1/(ISNUMBER(SEARCH('منطق دسته‌بندی'!$A$2:$A$187,H20))),'منطق دسته‌بندی'!$B$2:$B$187),"سایر (نیازمند بررسی دستی)")) -> خرابی - لامپ/LED داخلی (تعویض) | N20: MINI LED یخچال | O20: {=IF(A20="","",IF(SUMPRODUCT(($B$2:$B$965=B20)*($C$2:$C$965=C20)*($D$2:$D$965=D20)*($E$2:$E$965=E20)*($F$2:$F$965=F20)*($G$2:$G$965=G20)*($H$2:$H$965=H20)*($I$2:$I$965=I20)*($J$2:$J$965=J20)*($K$2:$K$965=K20)*($N$2:$N$965=N20))=1,"خیر",IF(SUMPRODUCT(($B$2:B20=B20)*($C$2:C20=C20)*($D$2:D20=D20)*($E$2:E20=E20)*($F$2:F20=F20)*($G$2:G20=G20)*($H$2:H20=H20)*($I$2:I20=I20)*($J$2:J20=J20)*($K$2:K20=K20)*($N$2:N20=N20))=1,"بله-1","بله")))} -> خیر | P20: {=IF(A20="","",IF(SUMPRODUCT(($F$2:$F$969=F20)*($I$2:$I$969=I20))=1,"خیر",IF(SUMPRODUCT(($F$2:F20=F20)*($I$2:I20=I20))=1,"بله-1","بله")))} -> خیر
A21: 210023894 | B21: شهریور | C21: 1405-06 | D21: یخچال مینی | E21: CM-RS5RE1 | F21: 52240003N01318 | G21: خاموش و روشن شدن LED کاور / سقفي**اياب و ذهاب به عهده شرکت | H21: خرابی LED | I21: 1405/06/16 | J21: 1404/09/09 | K21: 1405/01/19 | L21: =IF(OR(TRIM(I21)="",TRIM(K21)=""),"",IFERROR((VALUE(LEFT(TRIM(I21),4))-VALUE(LEFT(TRIM(K21),4)))*12+VALUE(MID(TRIM(I21),6,2))-VALUE(MID(TRIM(K21),6,2)),"")) -> 5 | M21: =IF(TRIM(H21)="","",IFERROR(LOOKUP(2,1/(ISNUMBER(SEARCH('منطق دسته‌بندی'!$A$2:$A$187,H21))),'منطق دسته‌بندی'!$B$2:$B$187),"سایر (نیازمند بررسی دستی)")) -> خرابی - لامپ/LED داخلی (تعویض) | N21: MINI LED یخچال | O21: {=IF(A21="","",IF(SUMPRODUCT(($B$2:$B$965=B21)*($C$2:$C$965=C21)*($D$2:$D$965=D21)*($E$2:$E$965=E21)*($F$2:$F$965=F21)*($G$2:$G$965=G21)*($H$2:$H$965=H21)*($I$2:$I$965=I21)*($J$2:$J$965=J21)*($K$2:$K$965=K21)*($N$2:$N$965=N21))=1,"خیر",IF(SUMPRODUCT(($B$2:B21=B21)*($C$2:C21=C21)*($D$2:D21=D21)*($E$2:E21=E21)*($F$2:F21=F21)*($G$2:G21=G21)*($H$2:H21=H21)*($I$2:I21=I21)*($J$2:J21=J21)*($K$2:K21=K21)*($N$2:N21=N21))=1,"بله-1","بله")))} -> خیر | P21: {=IF(A21="","",IF(SUMPRODUCT(($F$2:$F$969=F21)*($I$2:$I$969=I21))=1,"خیر",IF(SUMPRODUCT(($F$2:F21=F21)*($I$2:I21=I21))=1,"بله-1","بله")))} -> خیر
A22: 210009809 | B22: اردیبهشت | C22: 1405-02 | D22: یخچال مینی | E22: CM-RS5RE1 | F22: 52240003N01096 | G22: خاموش بودن LED کاور / سقفی — ایاب و ذهاب به عهده شرکت | H22: خرابی ال ای دی داخل کابین - یخچال مینی | I22: 1405/02/28 | J22: 1403/12/16 | K22: 1404/06/29 | L22: =IF(OR(TRIM(I22)="",TRIM(K22)=""),"",IFERROR((VALUE(LEFT(TRIM(I22),4))-VALUE(LEFT(TRIM(K22),4)))*12+VALUE(MID(TRIM(I22),6,2))-VALUE(MID(TRIM(K22),6,2)),"")) -> 8 | M22: =IF(TRIM(H22)="","",IFERROR(LOOKUP(2,1/(ISNUMBER(SEARCH('منطق دسته‌بندی'!$A$2:$A$187,H22))),'منطق دسته‌بندی'!$B$2:$B$187),"سایر (نیازمند بررسی دستی)")) -> خرابی - لامپ/LED داخلی (تعویض) | N22: لامپ مینی | O22: {=IF(A22="","",IF(SUMPRODUCT(($B$2:$B$965=B22)*($C$2:$C$965=C22)*($D$2:$D$965=D22)*($E$2:$E$965=E22)*($F$2:$F$965=F22)*($G$2:$G$965=G22)*($H$2:$H$965=H22)*($I$2:$I$965=I22)*($J$2:$J$965=J22)*($K$2:$K$965=K22)*($N$2:$N$965=N22))=1,"خیر",IF(SUMPRODUCT(($B$2:B22=B22)*($C$2:C22=C22)*($D$2:D22=D22)*($E$2:E22=E22)*($F$2:F22=F22)*($G$2:G22=G22)*($H$2:H22=H22)*($I$2:I22=I22)*($J$2:J22=J22)*($K$2:K22=K22)*($N$2:N22=N22))=1,"بله-1","بله")))} -> خیر | P22: {=IF(A22="","",IF(SUMPRODUCT(($F$2:$F$969=F22)*($I$2:$I$969=I22))=1,"خیر",IF(SUMPRODUCT(($F$2:F22=F22)*($I$2:I22=I22))=1,"بله-1","بله")))} -> خیر
A23: 510022914 | B23: مرداد | C23: 1405-05 | D23: یخچال مینی | E23: CM-RS5RE1 | F23: 52240003N01043 | G23: کسری قطعات پک بسته بندی - کد قطعه در لیست اقدامات درج می گردد. — ایاب و ذهاب به عهده شرکت | H23: کسری قطعات تزئینی پک قطعات داخلی | I23: 1405/05/05 | J23: 1403/12/26 | K23: 1405/05/03 | L23: =IF(OR(TRIM(I23)="",TRIM(K23)=""),"",IFERROR((VALUE(LEFT(TRIM(I23),4))-VALUE(LEFT(TRIM(K23),4)))*12+VALUE(MID(TRIM(I23),6,2))-VALUE(MID(TRIM(K23),6,2)),"")) -> 0 | M23: =IF(TRIM(H23)="","",IFERROR(LOOKUP(2,1/(ISNUMBER(SEARCH('منطق دسته‌بندی'!$A$2:$A$187,H23))),'منطق دسته‌بندی'!$B$2:$B$187),"سایر (نیازمند بررسی دستی)")) -> قطعات تزئینی - شکستگی/کسری (تعویض) | N23: MINI شلف بزرگ یخچال | O23: {=IF(A23="","",IF(SUMPRODUCT(($B$2:$B$965=B23)*($C$2:$C$965=C23)*($D$2:$D$965=D23)*($E$2:$E$965=E23)*($F$2:$F$965=F23)*($G$2:$G$965=G23)*($H$2:$H$965=H23)*($I$2:$I$965=I23)*($J$2:$J$965=J23)*($K$2:$K$965=K23)*($N$2:$N$965=N23))=1,"خیر",IF(SUMPRODUCT(($B$2:B23=B23)*($C$2:C23=C23)*($D$2:D23=D23)*($E$2:E23=E23)*($F$2:F23=F23)*($G$2:G23=G23)*($H$2:H23=H23)*($I$2:I23=I23)*($J$2:J23=J23)*($K$2:K23=K23)*($N$2:N23=N23))=1,"بله-1","بله")))} -> خیر | P23: {=IF(A23="","",IF(SUMPRODUCT(($F$2:$F$969=F23)*($I$2:$I$969=I23))=1,"خیر",IF(SUMPRODUCT(($F$2:F23=F23)*($I$2:I23=I23))=1,"بله-1","بله")))} -> خیر
A24: 130011786 | B24: شهریور | C24: 1405-06 | D24: يخچال ميني | E24: MINI-R | F24: 52240003N01015 | G24: خاموش و روشن شدن LED کاور / سقفي ** اياب و ذهاب به عهده مشتري | H24: خرابی LED | I24: 1405/06/21 | J24: 1403/12/19 | K24: 1404/06/03 | L24: =IF(OR(TRIM(I24)="",TRIM(K24)=""),"",IFERROR((VALUE(LEFT(TRIM(I24),4))-VALUE(LEFT(TRIM(K24),4)))*12+VALUE(MID(TRIM(I24),6,2))-VALUE(MID(TRIM(K24),6,2)),"")) -> 12 | M24: =IF(OR(ISNUMBER(SEARCH("بدون مورد",H24)),ISNUMBER(SEARCH("غير گارانتي",H24)),ISNUMBER(SEARCH("غیر گارانتی",H24)),ISNUMBER(SEARCH("بدون اجرت",H24)),ISNUMBER(SEARCH("فيلتر",H24)),ISNUMBER(SEARCH("فیلتر",H24))),"غیرگارانتی/بدون قطعه",IF(OR(ISNUMBER(SEARCH("ريست",H24)),ISNUMBER(SEARCH("ریست",H24))),"ریست نرم‌افزاری (بدون قطعه)",IF(OR(ISNUMBER(SEARCH("تعویض محصول",H24)),ISNUMBER(SEARCH("تعویض دستگاه",H24))),"تعویض کامل دستگاه (Replacement)",IF(ISNUMBER(SEARCH("پمپ",H24)),IF(ISNUMBER(SEARCH("نشت",H24)),"نشتی - پمپ تخلیه (تعمیر/آب‌بندی)","خرابی - پمپ تخلیه (تعویض)"),IF(ISNUMBER(SEARCH("کمپرسور",H24)),"خرابی - کمپرسور (تعویض)",IF(ISNUMBER(SEARCH("کمک فنر",H24)),"خرابی - کمک فنر (تعویض)",IF(ISNUMBER(SEARCH("لولا",H24)),"مکانیزم درب - لولا (تعویض)",IF(OR(ISNUMBER(SEARCH("قلاب",H24)),ISNUMBER(SEARCH("ميکروسوئيچ",H24)),ISNUMBER(SEARCH("میکروسوئیچ",H24))),"مکانیزم درب - میکروسوئیچ/قلاب (تعویض/تنظیم)",IF(ISNUMBER(SEARCH("زبانه",H24)),"مکانیزم درب - زبانه (تعویض)",IF(OR(ISNUMBER(SEARCH("شيلنگ",H24)),ISNUMBER(SEARCH("شیلنگ",H24))),IF(OR(ISNUMBER(SEARCH("نشتی",H24)),ISNUMBER(SEARCH("نشتي",H24))),"نشتی - شیلنگ (تعمیر/آب‌بندی)",IF(OR(ISNUMBER(SEARCH("يخ",H24)),ISNUMBER(SEARCH("یخ",H24))),"شیلنگ یخساز - یخ‌زدگی (بازبینی)","شیلنگ - برخورد/لهیدگی (بازبینی)")),IF(OR(ISNUMBER(SEARCH("تنظيم ديسپل",H24)),ISNUMBER(SEARCH("تنظیم دیسپل",H24)),ISNUMBER(SEARCH("تنظيم صفحه نمايش",H24)),ISNUMBER(SEARCH("تنظیم صفحه نمایش",H24))),"تنظیم - تنظیمات دستگاه/دیسپلی (تعمیر)",IF(OR(ISNUMBER(SEARCH("برد",H24)),ISNUMBER(SEARCH("سوکت",H24)),ISNUMBER(SEARCH("ديسپل",H24)),ISNUMBER(SEARCH("دیسپل",H24))),"خرابی - برد الکترونیک (تعویض)",IF(OR(ISNUMBER(SEARCH("يخساز",H24)),ISNUMBER(SEARCH("یخساز",H24)),ISNUMBER(SEARCH("دمپر",H24))),IF(OR(ISNUMBER(SEARCH("خرابی",H24)),ISNUMBER(SEARCH("خراب",H24)),ISNUMBER(SEARCH("عدم کارکرد",H24)),ISNUMBER(SEARCH("عدم عملکرد",H24))),"یخساز - خرابی موتور/سنسور/برد (تعویض)","یخساز - تنظیم/عایق (تعمیر)"),IF(OR(ISNUMBER(SEARCH("لاستيک",H24)),ISNUMBER(SEARCH("لاستیک",H24))),"لاستیک درزگیر - دفرمگی/پارگی (تعویض)",IF(OR(ISNUMBER(SEARCH("گسکت",H24)),ISNUMBER(SEARCH("گسگت",H24))),"لاستیک درزگیر - دفرمگی/پارگی (تعویض)",IF(ISNUMBER(SEARCH("مخزن نمک",H24)),"نشتی - درب مخزن نمک (تعمیر/آب‌بندی)",IF(ISNUMBER(SEARCH("براکت",H24)),"نشتی - براکت ریل (تعمیر/آب‌بندی)",IF(ISNUMBER(SEARCH("جاپودر",H24)),"نشتی - جاپودری (تعمیر/آب‌بندی)",IF(ISNUMBER(SEARCH("مقسم",H24)),"نشتی - مقسم آب (تعمیر/آب‌بندی)",IF(OR(ISNUMBER(SEARCH("سنسور دما",H24)),ISNUMBER(SEARCH("ترموستات",H24))),"خرابی - ترموستات (تعویض)",IF(OR(ISNUMBER(SEARCH("هيدروستات",H24)),ISNUMBER(SEARCH("هیدروستات",H24))),"خرابی - هیدروستات (تعویض)",IF(OR(ISNUMBER(SEARCH("بلبرينگ",H24)),ISNUMBER(SEARCH("بلبرینگ",H24))),"خرابی - بلبرینگ (تعویض)",IF(OR(ISNUMBER(SEARCH("شيربرق",H24)),ISNUMBER(SEARCH("شیربرق",H24))),"خرابی - شیربرقی (تعویض)",IF(OR(ISNUMBER(SEARCH("واتر جت",H24)),ISNUMBER(SEARCH("واترجت",H24))),"خرابی - واترجت (تعویض)",IF(OR(ISNUMBER(SEARCH("سيم",H24)),ISNUMBER(SEARCH("سیم",H24)),ISNUMBER(SEARCH("اتصال",H24))),"سیم‌کشی/اتصالات (تعویض/بازبینی)",IF(OR(ISNUMBER(SEARCH("تصوير",H24)),ISNUMBER(SEARCH("تصویر",H24))),"برد نمایش تلویزیون (تعویض)",IF(OR(ISNUMBER(SEARCH("ريموت",H24)),ISNUMBER(SEARCH("ریموت",H24))),"ریموت کنترل (تعویض/تعمیر)",IF(OR(ISNUMBER(SEARCH("ال اي دي",H24)),ISNUMBER(SEARCH("ال ای دی",H24)),ISNUMBER(SEARCH("LED",H24))),"خرابی - لامپ/LED داخلی (تعویض)",IF(ISNUMBER(SEARCH("زنگ زدگ",H24)),"زنگ‌زدگی بدنه/قطعه (تعویض)",IF(OR(ISNUMBER(SEARCH("قطعات تزئين",H24)),ISNUMBER(SEARCH("قطعات تزئین",H24))),"قطعات تزئینی - شکستگی/کسری (تعویض)",IF(ISNUMBER(SEARCH("سبد",H24)),"سبد ظرفشویی - شکستگی (تعویض)",IF(ISNUMBER(SEARCH("تاب درام",H24)),"خرابی - تاب برداشتن درام (تعویض)",IF(ISNUMBER(SEARCH("درام",H24)),"خرابی - سایر ایراد درام (تعویض)",IF(ISNUMBER(SEARCH("موتور",H24)),"خرابی - موتور (تعویض)",IF(ISNUMBER(SEARCH("تسمه",H24)),"خرابی - تسمه (تعویض)",IF(OR(ISNUMBER(SEARCH("پيچ ولوم",H24)),ISNUMBER(SEARCH("پیچ ولوم",H24))),"تنظیم - پیچ ولوم/دکمه (تعمیر)",IF(OR(ISNUMBER(SEARCH("کسري قطعات",H24)),ISNUMBER(SEARCH("کسری قطعات",H24))),"کسری قطعات تزئینی (تعویض)",IF(ISNUMBER(SEARCH("پرچ",H24)),"پرچ/بدنه کابین(تعمیر)",IF(OR(ISNUMBER(SEARCH("نشت",H24)),ISNUMBER(SEARCH("آبريزش",H24)),ISNUMBER(SEARCH("آبریزش",H24))),"نشتی آب - محل نامشخص (نیازمند بازدید)",IF(ISNUMBER(SEARCH("درب",H24)),"سایر اجزای درب (بازبینی)",IF(ISNUMBER(SEARCH("ضربه",H24)),"بدنه/کابین - ضربه (بازبینی/تعویض پنل)",IF(ISNUMBER(SEARCH("تراز",H24)),"تراز/لرزش - نصب (رگلاژ پایه)",IF(OR(ISNUMBER(SEARCH("تعویض",H24)),ISNUMBER(SEARCH("تعويض",H24))),"تعویض کامل دستگاه (Replacement)","سایر (نیازمند بررسی دستی)"))))))))))))))))))))))))))))))))))))))))))) -> خرابی - لامپ/LED داخلی (تعویض) | N24: MINI LED یخچال | O24: {=IF(A24="","",IF(SUMPRODUCT(($B$2:$B$965=B24)*($C$2:$C$965=C24)*($D$2:$D$965=D24)*($E$2:$E$965=E24)*($F$2:$F$965=F24)*($G$2:$G$965=G24)*($H$2:$H$965=H24)*($I$2:$I$965=I24)*($J$2:$J$965=J24)*($K$2:$K$965=K24)*($N$2:$N$965=N24))=1,"خیر",IF(SUMPRODUCT(($B$2:B24=B24)*($C$2:C24=C24)*($D$2:D24=D24)*($E$2:E24=E24)*($F$2:F24=F24)*($G$2:G24=G24)*($H$2:H24=H24)*($I$2:I24=I24)*($J$2:J24=J24)*($K$2:K24=K24)*($N$2:N24=N24))=1,"بله-1","بله")))} -> خیر | P24: {=IF(A24="","",IF(SUMPRODUCT(($F$2:$F$969=F24)*($I$2:$I$969=I24))=1,"خیر",IF(SUMPRODUCT(($F$2:F24=F24)*($I$2:I24=I24))=1,"بله-1","بله")))} -> خیر
A25: 210016840 | B25: مرداد | C25: 1405-05 | D25: یخچال مینی | E25: CM-RS5RE1 | F25: 52240003N01005 | G25: شکستگی دستگیره — ایاب و ذهاب به عهده شرکت | H25: شکستگی دستگیره | I25: 1405/05/02 | J25: 1404/01/14 | L25: =IF(OR(TRIM(I25)="",TRIM(K25)=""),"",IFERROR((VALUE(LEFT(TRIM(I25),4))-VALUE(LEFT(TRIM(K25),4)))*12+VALUE(MID(TRIM(I25),6,2))-VALUE(MID(TRIM(K25),6,2)),"")) | M25: =IF(TRIM(H25)="","",IFERROR(LOOKUP(2,1/(ISNUMBER(SEARCH('منطق دسته‌بندی'!$A$2:$A$187,H25))),'منطق دسته‌بندی'!$B$2:$B$187),"سایر (نیازمند بررسی دستی)")) -> مکانیزم درب - دستگیره (تعویض) | N25: MINI دستگیره درب یخچال | O25: {=IF(A25="","",IF(SUMPRODUCT(($B$2:$B$965=B25)*($C$2:$C$965=C25)*($D$2:$D$965=D25)*($E$2:$E$965=E25)*($F$2:$F$965=F25)*($G$2:$G$965=G25)*($H$2:$H$965=H25)*($I$2:$I$965=I25)*($J$2:$J$965=J25)*($K$2:$K$965=K25)*($N$2:$N$965=N25))=1,"خیر",IF(SUMPRODUCT(($B$2:B25=B25)*($C$2:C25=C25)*($D$2:D25=D25)*($E$2:E25=E25)*($F$2:F25=F25)*($G$2:G25=G25)*($H$2:H25=H25)*($I$2:I25=I25)*($J$2:J25=J25)*($K$2:K25=K25)*($N$2:N25=N25))=1,"بله-1","بله")))} -> خیر | P25: {=IF(A25="","",IF(SUMPRODUCT(($F$2:$F$969=F25)*($I$2:$I$969=I25))=1,"خیر",IF(SUMPRODUCT(($F$2:F25=F25)*($I$2:I25=I25))=1,"بله-1","بله")))} -> خیر
A26: 810004918 | B26: مرداد | C26: 1405-05 | D26: یخچال مینی | E26: CM-RS5RE1 | F26: 52240003N00980 | G26: خاموش بودن LED کاور / سقفی — ایاب و ذهاب به عهده شرکت | H26: MINI کلید فشاری یخچال | I26: 1405/05/04 | J26: 1403/12/27 | K26: 1405/04/30 | L26: =IF(OR(TRIM(I26)="",TRIM(K26)=""),"",IFERROR((VALUE(LEFT(TRIM(I26),4))-VALUE(LEFT(TRIM(K26),4)))*12+VALUE(MID(TRIM(I26),6,2))-VALUE(MID(TRIM(K26),6,2)),"")) -> 1 | M26: =IF(TRIM(H26)="","",IFERROR(LOOKUP(2,1/(ISNUMBER(SEARCH('منطق دسته‌بندی'!$A$2:$A$187,H26))),'منطق دسته‌بندی'!$B$2:$B$187),"سایر (نیازمند بررسی دستی)")) -> کلید فشاری (تعویض/بازبینی) | N26: MINI کلید فشاری یخچال | O26: {=IF(A26="","",IF(SUMPRODUCT(($B$2:$B$965=B26)*($C$2:$C$965=C26)*($D$2:$D$965=D26)*($E$2:$E$965=E26)*($F$2:$F$965=F26)*($G$2:$G$965=G26)*($H$2:$H$965=H26)*($I$2:$I$965=I26)*($J$2:$J$965=J26)*($K$2:$K$965=K26)*($N$2:$N$965=N26))=1,"خیر",IF(SUMPRODUCT(($B$2:B26=B26)*($C$2:C26=C26)*($D$2:D26=D26)*($E$2:E26=E26)*($F$2:F26=F26)*($G$2:G26=G26)*($H$2:H26=H26)*($I$2:I26=I26)*($J$2:J26=J26)*($K$2:K26=K26)*($N$2:N26=N26))=1,"بله-1","بله")))} -> خیر | P26: {=IF(A26="","",IF(SUMPRODUCT(($F$2:$F$969=F26)*($I$2:$I$969=I26))=1,"خیر",IF(SUMPRODUCT(($F$2:F26=F26)*($I$2:I26=I26))=1,"بله-1","بله")))} -> خیر
A27: 130009846 | B27: مرداد | C27: 1405-05 | D27: یخچال مینی | E27: CM-RS5RE1 | F27: 52240003N00957 | G27: خاموش بودن LED کاور / سقفی — ایاب و ذهاب به عهده شرکت | H27: خرابی LED | I27: 1405/05/19 | J27: 1403/12/10 | K27: 1404/07/03 | L27: =IF(OR(TRIM(I27)="",TRIM(K27)=""),"",IFERROR((VALUE(LEFT(TRIM(I27),4))-VALUE(LEFT(TRIM(K27),4)))*12+VALUE(MID(TRIM(I27),6,2))-VALUE(MID(TRIM(K27),6,2)),"")) -> 10 | M27: =IF(TRIM(H27)="","",IFERROR(LOOKUP(2,1/(ISNUMBER(SEARCH('منطق دسته‌بندی'!$A$2:$A$187,H27))),'منطق دسته‌بندی'!$B$2:$B$187),"سایر (نیازمند بررسی دستی)")) -> خرابی - لامپ/LED داخلی (تعویض) | N27: MINI LED یخچال | O27: {=IF(A27="","",IF(SUMPRODUCT(($B$2:$B$965=B27)*($C$2:$C$965=C27)*($D$2:$D$965=D27)*($E$2:$E$965=E27)*($F$2:$F$965=F27)*($G$2:$G$965=G27)*($H$2:$H$965=H27)*($I$2:$I$965=I27)*($J$2:$J$965=J27)*($K$2:$K$965=K27)*($N$2:$N$965=N27))=1,"خیر",IF(SUMPRODUCT(($B$2:B27=B27)*($C$2:C27=C27)*($D$2:D27=D27)*($E$2:E27=E27)*($F$2:F27=F27)*($G$2:G27=G27)*($H$2:H27=H27)*($I$2:I27=I27)*($J$2:J27=J27)*($K$2:K27=K27)*($N$2:N27=N27))=1,"بله-1","بله")))} -> خیر | P27: {=IF(A27="","",IF(SUMPRODUCT(($F$2:$F$969=F27)*($I$2:$I$969=I27))=1,"خیر",IF(SUMPRODUCT(($F$2:F27=F27)*($I$2:I27=I27))=1,"بله-1","بله")))} -> خیر
A28: 130011682 | B28: شهریور | C28: 1405-06 | D28: یخچال مینی | E28: CM-RS5RE1 | F28: 52240003N00836 | G28: خاموش بودن LED کاور / سقفي ** اياب و ذهاب به عهده شرکت | H28: خرابی LED | I28: 1405/06/18 | J28: 1403/12/03 | K28: 1405/02/21 | L28: =IF(OR(TRIM(I28)="",TRIM(K28)=""),"",IFERROR((VALUE(LEFT(TRIM(I28),4))-VALUE(LEFT(TRIM(K28),4)))*12+VALUE(MID(TRIM(I28),6,2))-VALUE(MID(TRIM(K28),6,2)),"")) -> 4 | M28: =IF(TRIM(H28)="","",IFERROR(LOOKUP(2,1/(ISNUMBER(SEARCH('منطق دسته‌بندی'!$A$2:$A$187,H28))),'منطق دسته‌بندی'!$B$2:$B$187),"سایر (نیازمند بررسی دستی)")) -> خرابی - لامپ/LED داخلی (تعویض) | N28: MINI LED یخچال | O28: {=IF(A28="","",IF(SUMPRODUCT(($B$2:$B$965=B28)*($C$2:$C$965=C28)*($D$2:$D$965=D28)*($E$2:$E$965=E28)*($F$2:$F$965=F28)*($G$2:$G$965=G28)*($H$2:$H$965=H28)*($I$2:$I$965=I28)*($J$2:$J$965=J28)*($K$2:$K$965=K28)*($N$2:$N$965=N28))=1,"خیر",IF(SUMPRODUCT(($B$2:B28=B28)*($C$2:C28=C28)*($D$2:D28=D28)*($E$2:E28=E28)*($F$2:F28=F28)*($G$2:G28=G28)*($H$2:H28=H28)*($I$2:I28=I28)*($J$2:J28=J28)*($K$2:K28=K28)*($N$2:N28=N28))=1,"بله-1","بله")))} -> خیر | P28: {=IF(A28="","",IF(SUMPRODUCT(($F$2:$F$969=F28)*($I$2:$I$969=I28))=1,"خیر",IF(SUMPRODUCT(($F$2:F28=F28)*($I$2:I28=I28))=1,"بله-1","بله")))} -> خیر
A29: 210017169 | B29: مرداد | C29: 1405-05 | D29: یخچال مینی | E29: CM-RS5RE1 | F29: 52240003N00743 | G29: خاموش بودن LED کاور / سقفی — ایاب و ذهاب به عهده شرکت | H29: خرابی LED | I29: 1405/05/04 | J29: 1403/12/14 | K29: 1404/08/29 | L29: =IF(OR(TRIM(I29)="",TRIM(K29)=""),"",IFERROR((VALUE(LEFT(TRIM(I29),4))-VALUE(LEFT(TRIM(K29),4)))*12+VALUE(MID(TRIM(I29),6,2))-VALUE(MID(TRIM(K29),6,2)),"")) -> 9 | M29: =IF(TRIM(H29)="","",IFERROR(LOOKUP(2,1/(ISNUMBER(SEARCH('منطق دسته‌بندی'!$A$2:$A$187,H29))),'منطق دسته‌بندی'!$B$2:$B$187),"سایر (نیازمند بررسی دستی)")) -> خرابی - لامپ/LED داخلی (تعویض) | N29: MINI LED یخچال | O29: {=IF(A29="","",IF(SUMPRODUCT(($B$2:$B$965=B29)*($C$2:$C$965=C29)*($D$2:$D$965=D29)*($E$2:$E$965=E29)*($F$2:$F$965=F29)*($G$2:$G$965=G29)*($H$2:$H$965=H29)*($I$2:$I$965=I29)*($J$2:$J$965=J29)*($K$2:$K$965=K29)*($N$2:$N$965=N29))=1,"خیر",IF(SUMPRODUCT(($B$2:B29=B29)*($C$2:C29=C29)*($D$2:D29=D29)*($E$2:E29=E29)*($F$2:F29=F29)*($G$2:G29=G29)*($H$2:H29=H29)*($I$2:I29=I29)*($J$2:J29=J29)*($K$2:K29=K29)*($N$2:N29=N29))=1,"بله-1","بله")))} -> خیر | P29: {=IF(A29="","",IF(SUMPRODUCT(($F$2:$F$969=F29)*($I$2:$I$969=I29))=1,"خیر",IF(SUMPRODUCT(($F$2:F29=F29)*($I$2:I29=I29))=1,"بله-1","بله")))} -> خیر
A30: 210012249 | B30: فروردین | C30: 1405-01 | D30: یخچال مینی | E30: MINI-R (RE01) | F30: 52240003N00589 | G30: شکستگی قطعات تزئینی کابین- کد قطعه در لیست اقدامات درج می گردد. — ایاب و ذهاب به عهده شرکت | H30: شکستگی قطعات تزئینی داخل کابین - یخچال مینی | I30: 1405/01/24 | J30: 1403/10/24 | K30: 1404/10/08 | L30: =IF(OR(TRIM(I30)="",TRIM(K30)=""),"",IFERROR((VALUE(LEFT(TRIM(I30),4))-VALUE(LEFT(TRIM(K30),4)))*12+VALUE(MID(TRIM(I30),6,2))-VALUE(MID(TRIM(K30),6,2)),"")) -> 3 | M30: =IF(TRIM(H30)="","",IFERROR(LOOKUP(2,1/(ISNUMBER(SEARCH('منطق دسته‌بندی'!$A$2:$A$187,H30))),'منطق دسته‌بندی'!$B$2:$B$187),"سایر (نیازمند بررسی دستی)")) -> قطعات تزئینی - شکستگی/کسری (تعویض) | N30: قطعه تزئینی داخل کابین یخچال مینی | O30: {=IF(A30="","",IF(SUMPRODUCT(($B$2:$B$965=B30)*($C$2:$C$965=C30)*($D$2:$D$965=D30)*($E$2:$E$965=E30)*($F$2:$F$965=F30)*($G$2:$G$965=G30)*($H$2:$H$965=H30)*($I$2:$I$965=I30)*($J$2:$J$965=J30)*($K$2:$K$965=K30)*($N$2:$N$965=N30))=1,"خیر",IF(SUMPRODUCT(($B$2:B30=B30)*($C$2:C30=C30)*($D$2:D30=D30)*($E$2:E30=E30)*($F$2:F30=F30)*($G$2:G30=G30)*($H$2:H30=H30)*($I$2:I30=I30)*($J$2:J30=J30)*($K$2:K30=K30)*($N$2:N30=N30))=1,"بله-1","بله")))} -> خیر | P30: {=IF(A30="","",IF(SUMPRODUCT(($F$2:$F$969=F30)*($I$2:$I$969=I30))=1,"خیر",IF(SUMPRODUCT(($F$2:F30=F30)*($I$2:I30=I30))=1,"بله-1","بله")))} -> خیر
A31: 771166 | B31: اردیبهشت | C31: 1405-02 | D31: یخچال مینی | E31: MINI-R (RE01) | F31: 52240003N00558 | G31: گرم شدن محصول — ایاب و ذهاب به عهده شرکت | H31: تنظیم ترموستات | I31: 1405/02/12 | J31: 1403/10/23 | K31: 1405/01/22 | L31: =IF(OR(TRIM(I31)="",TRIM(K31)=""),"",IFERROR((VALUE(LEFT(TRIM(I31),4))-VALUE(LEFT(TRIM(K31),4)))*12+VALUE(MID(TRIM(I31),6,2))-VALUE(MID(TRIM(K31),6,2)),"")) -> 1 | M31: =IF(TRIM(H31)="","",IFERROR(LOOKUP(2,1/(ISNUMBER(SEARCH('منطق دسته‌بندی'!$A$2:$A$187,H31))),'منطق دسته‌بندی'!$B$2:$B$187),"سایر (نیازمند بررسی دستی)")) -> تنظیم ترموستات (تعمیر/تنظیم) | N31: ترموستات مینی | O31: {=IF(A31="","",IF(SUMPRODUCT(($B$2:$B$965=B31)*($C$2:$C$965=C31)*($D$2:$D$965=D31)*($E$2:$E$965=E31)*($F$2:$F$965=F31)*($G$2:$G$965=G31)*($H$2:$H$965=H31)*($I$2:$I$965=I31)*($J$2:$J$965=J31)*($K$2:$K$965=K31)*($N$2:$N$965=N31))=1,"خیر",IF(SUMPRODUCT(($B$2:B31=B31)*($C$2:C31=C31)*($D$2:D31=D31)*($E$2:E31=E31)*($F$2:F31=F31)*($G$2:G31=G31)*($H$2:H31=H31)*($I$2:I31=I31)*($J$2:J31=J31)*($K$2:K31=K31)*($N$2:N31=N31))=1,"بله-1","بله")))} -> خیر | P31: {=IF(A31="","",IF(SUMPRODUCT(($F$2:$F$969=F31)*($I$2:$I$969=I31))=1,"خیر",IF(SUMPRODUCT(($F$2:F31=F31)*($I$2:I31=I31))=1,"بله-1","بله")))} -> خیر
A32: 210018186 | B32: مرداد | C32: 1405-05 | D32: یخچال مینی | E32: MINI-R (RE01) | F32: 52240003N00529 | G32: خاموش بودن LED کاور / سقفی — ایاب و ذهاب به عهده مشتری | H32: خرابی LED | I32: 1405/05/10 | J32: 1403/10/22 | K32: 1404/01/26 | L32: =IF(OR(TRIM(I32)="",TRIM(K32)=""),"",IFERROR((VALUE(LEFT(TRIM(I32),4))-VALUE(LEFT(TRIM(K32),4)))*12+VALUE(MID(TRIM(I32),6,2))-VALUE(MID(TRIM(K32),6,2)),"")) -> 16 | M32: =IF(TRIM(H32)="","",IFERROR(LOOKUP(2,1/(ISNUMBER(SEARCH('منطق دسته‌بندی'!$A$2:$A$187,H32))),'منطق دسته‌بندی'!$B$2:$B$187),"سایر (نیازمند بررسی دستی)")) -> خرابی - لامپ/LED داخلی (تعویض) | N32: MINI LED یخچال | O32: {=IF(A32="","",IF(SUMPRODUCT(($B$2:$B$965=B32)*($C$2:$C$965=C32)*($D$2:$D$965=D32)*($E$2:$E$965=E32)*($F$2:$F$965=F32)*($G$2:$G$965=G32)*($H$2:$H$965=H32)*($I$2:$I$965=I32)*($J$2:$J$965=J32)*($K$2:$K$965=K32)*($N$2:$N$965=N32))=1,"خیر",IF(SUMPRODUCT(($B$2:B32=B32)*($C$2:C32=C32)*($D$2:D32=D32)*($E$2:E32=E32)*($F$2:F32=F32)*($G$2:G32=G32)*($H$2:H32=H32)*($I$2:I32=I32)*($J$2:J32=J32)*($K$2:K32=K32)*($N$2:N32=N32))=1,"بله-1","بله")))} -> خیر | P32: {=IF(A32="","",IF(SUMPRODUCT(($F$2:$F$969=F32)*($I$2:$I$969=I32))=1,"خیر",IF(SUMPRODUCT(($F$2:F32=F32)*($I$2:I32=I32))=1,"بله-1","بله")))} -> خیر
A33: 210009179 | B33: اردیبهشت | C33: 1405-02 | D33: یخچال مینی | E33: CM-RS5BK1 | F33: 52240002N01230 | G33: خاموش بودن LED کاور / سقفی — ایاب و ذهاب به عهده شرکت | H33: خرابی LED | I33: 1405/02/15 | J33: 1404/05/22 | K33: 1404/08/10 | L33: =IF(OR(TRIM(I33)="",TRIM(K33)=""),"",IFERROR((VALUE(LEFT(TRIM(I33),4))-VALUE(LEFT(TRIM(K33),4)))*12+VALUE(MID(TRIM(I33),6,2))-VALUE(MID(TRIM(K33),6,2)),"")) -> 6 | M33: =IF(TRIM(H33)="","",IFERROR(LOOKUP(2,1/(ISNUMBER(SEARCH('منطق دسته‌بندی'!$A$2:$A$187,H33))),'منطق دسته‌بندی'!$B$2:$B$187),"سایر (نیازمند بررسی دستی)")) -> خرابی - لامپ/LED داخلی (تعویض) | N33: لامپ مینی | O33: {=IF(A33="","",IF(SUMPRODUCT(($B$2:$B$965=B33)*($C$2:$C$965=C33)*($D$2:$D$965=D33)*($E$2:$E$965=E33)*($F$2:$F$965=F33)*($G$2:$G$965=G33)*($H$2:$H$965=H33)*($I$2:$I$965=I33)*($J$2:$J$965=J33)*($K$2:$K$965=K33)*($N$2:$N$965=N33))=1,"خیر",IF(SUMPRODUCT(($B$2:B33=B33)*($C$2:C33=C33)*($D$2:D33=D33)*($E$2:E33=E33)*($F$2:F33=F33)*($G$2:G33=G33)*($H$2:H33=H33)*($I$2:I33=I33)*($J$2:J33=J33)*($K$2:K33=K33)*($N$2:N33=N33))=1,"بله-1","بله")))} -> خیر | P33: {=IF(A33="","",IF(SUMPRODUCT(($F$2:$F$969=F33)*($I$2:$I$969=I33))=1,"خیر",IF(SUMPRODUCT(($F$2:F33=F33)*($I$2:I33=I33))=1,"بله-1","بله")))} -> خیر
A34: 210014173 | B34: خرداد | C34: 1405-03 | D34: یخچال مینی | E34: CM-RS5BK1 | F34: 52240002N01230 | G34: خاموش و روشن شدن LED کاور / سقفی — مجدد — ایاب و ذهاب به عهده شرکت | H34: خرابی ال ای دی داخل کابین - یخچال مینی | I34: 1405/03/10 | J34: 1404/05/22 | K34: 1404/08/10 | L34: =IF(OR(TRIM(I34)="",TRIM(K34)=""),"",IFERROR((VALUE(LEFT(TRIM(I34),4))-VALUE(LEFT(TRIM(K34),4)))*12+VALUE(MID(TRIM(I34),6,2))-VALUE(MID(TRIM(K34),6,2)),"")) -> 7 | M34: =IF(TRIM(H34)="","",IFERROR(LOOKUP(2,1/(ISNUMBER(SEARCH('منطق دسته‌بندی'!$A$2:$A$187,H34))),'منطق دسته‌بندی'!$B$2:$B$187),"سایر (نیازمند بررسی دستی)")) -> خرابی - لامپ/LED داخلی (تعویض) | N34: لامپ مینی | O34: {=IF(A34="","",IF(SUMPRODUCT(($B$2:$B$965=B34)*($C$2:$C$965=C34)*($D$2:$D$965=D34)*($E$2:$E$965=E34)*($F$2:$F$965=F34)*($G$2:$G$965=G34)*($H$2:$H$965=H34)*($I$2:$I$965=I34)*($J$2:$J$965=J34)*($K$2:$K$965=K34)*($N$2:$N$965=N34))=1,"خیر",IF(SUMPRODUCT(($B$2:B34=B34)*($C$2:C34=C34)*($D$2:D34=D34)*($E$2:E34=E34)*($F$2:F34=F34)*($G$2:G34=G34)*($H$2:H34=H34)*($I$2:I34=I34)*($J$2:J34=J34)*($K$2:K34=K34)*($N$2:N34=N34))=1,"بله-1","بله")))} -> خیر | P34: {=IF(A34="","",IF(SUMPRODUCT(($F$2:$F$969=F34)*($I$2:$I$969=I34))=1,"خیر",IF(SUMPRODUCT(($F$2:F34=F34)*($I$2:I34=I34))=1,"بله-1","بله")))} -> خیر
A35: 210005449 | B35: فروردین | C35: 1405-01 | D35: یخچال مینی | E35: CM-RS5BK1 | F35: 52240002N01230 | G35: ایاب و ذهاب به عهده شرکت خاموش بودن LED کاور / سقفی | H35: خرابی ال ای دی داخل کابین - یخچال مینی | I35: 1405/01/29 | J35: 1404/05/22 | K35: 1404/08/10 | L35: =IF(OR(TRIM(I35)="",TRIM(K35)=""),"",IFERROR((VALUE(LEFT(TRIM(I35),4))-VALUE(LEFT(TRIM(K35),4)))*12+VALUE(MID(TRIM(I35),6,2))-VALUE(MID(TRIM(K35),6,2)),"")) -> 5 | M35: =IF(TRIM(H35)="","",IFERROR(LOOKUP(2,1/(ISNUMBER(SEARCH('منطق دسته‌بندی'!$A$2:$A$187,H35))),'منطق دسته‌بندی'!$B$2:$B$187),"سایر (نیازمند بررسی دستی)")) -> خرابی - لامپ/LED داخلی (تعویض) | N35: لامپ مینی | O35: {=IF(A35="","",IF(SUMPRODUCT(($B$2:$B$965=B35)*($C$2:$C$965=C35)*($D$2:$D$965=D35)*($E$2:$E$965=E35)*($F$2:$F$965=F35)*($G$2:$G$965=G35)*($H$2:$H$965=H35)*($I$2:$I$965=I35)*($J$2:$J$965=J35)*($K$2:$K$965=K35)*($N$2:$N$965=N35))=1,"خیر",IF(SUMPRODUCT(($B$2:B35=B35)*($C$2:C35=C35)*($D$2:D35=D35)*($E$2:E35=E35)*($F$2:F35=F35)*($G$2:G35=G35)*($H$2:H35=H35)*($I$2:I35=I35)*($J$2:J35=J35)*($K$2:K35=K35)*($N$2:N35=N35))=1,"بله-1","بله")))} -> خیر | P35: {=IF(A35="","",IF(SUMPRODUCT(($F$2:$F$969=F35)*($I$2:$I$969=I35))=1,"خیر",IF(SUMPRODUCT(($F$2:F35=F35)*($I$2:I35=I35))=1,"بله-1","بله")))} -> خیر
A36: 510024651 | B36: مرداد | C36: 1405-05 | D36: یخچال مینی | E36: CM-RS5BK1 | F36: 52240002N01029 | G36: خاموش بودن LED کاور / سقفي**اياب و ذهاب به عهده شرکت | H36: خرابی LED | I36: 1405/05/31 | J36: 1403/12/22 | K36: 1404/06/17 | L36: =IF(OR(TRIM(I36)="",TRIM(K36)=""),"",IFERROR((VALUE(LEFT(TRIM(I36),4))-VALUE(LEFT(TRIM(K36),4)))*12+VALUE(MID(TRIM(I36),6,2))-VALUE(MID(TRIM(K36),6,2)),"")) -> 11 | M36: =IF(TRIM(H36)="","",IFERROR(LOOKUP(2,1/(ISNUMBER(SEARCH('منطق دسته‌بندی'!$A$2:$A$187,H36))),'منطق دسته‌بندی'!$B$2:$B$187),"سایر (نیازمند بررسی دستی)")) -> خرابی - لامپ/LED داخلی (تعویض) | N36: MINI LED یخچال | O36: {=IF(A36="","",IF(SUMPRODUCT(($B$2:$B$965=B36)*($C$2:$C$965=C36)*($D$2:$D$965=D36)*($E$2:$E$965=E36)*($F$2:$F$965=F36)*($G$2:$G$965=G36)*($H$2:$H$965=H36)*($I$2:$I$965=I36)*($J$2:$J$965=J36)*($K$2:$K$965=K36)*($N$2:$N$965=N36))=1,"خیر",IF(SUMPRODUCT(($B$2:B36=B36)*($C$2:C36=C36)*($D$2:D36=D36)*($E$2:E36=E36)*($F$2:F36=F36)*($G$2:G36=G36)*($H$2:H36=H36)*($I$2:I36=I36)*($J$2:J36=J36)*($K$2:K36=K36)*($N$2:N36=N36))=1,"بله-1","بله")))} -> خیر | P36: {=IF(A36="","",IF(SUMPRODUCT(($F$2:$F$969=F36)*($I$2:$I$969=I36))=1,"خیر",IF(SUMPRODUCT(($F$2:F36=F36)*($I$2:I36=I36))=1,"بله-1","بله")))} -> خیر
A37: 210018851 | B37: مرداد | C37: 1405-05 | D37: یخچال مینی | E37: CM-RS5BK1 | F37: 52240002N00908 | G37: گرم شدن محصول — ایاب و ذهاب به عهده شرکت | H37: خرابی کمپرسور | I37: 1405/05/15 | J37: 1403/12/13 | K37: 1404/09/09 | L37: =IF(OR(TRIM(I37)="",TRIM(K37)=""),"",IFERROR((VALUE(LEFT(TRIM(I37),4))-VALUE(LEFT(TRIM(K37),4)))*12+VALUE(MID(TRIM(I37),6,2))-VALUE(MID(TRIM(K37),6,2)),"")) -> 8 | M37: =IF(TRIM(H37)="","",IFERROR(LOOKUP(2,1/(ISNUMBER(SEARCH('منطق دسته‌بندی'!$A$2:$A$187,H37))),'منطق دسته‌بندی'!$B$2:$B$187),"سایر (نیازمند بررسی دستی)")) -> خرابی - کمپرسور (تعویض) | N37: کمپرسور EMX26 MINI | O37: {=IF(A37="","",IF(SUMPRODUCT(($B$2:$B$965=B37)*($C$2:$C$965=C37)*($D$2:$D$965=D37)*($E$2:$E$965=E37)*($F$2:$F$965=F37)*($G$2:$G$965=G37)*($H$2:$H$965=H37)*($I$2:$I$965=I37)*($J$2:$J$965=J37)*($K$2:$K$965=K37)*($N$2:$N$965=N37))=1,"خیر",IF(SUMPRODUCT(($B$2:B37=B37)*($C$2:C37=C37)*($D$2:D37=D37)*($E$2:E37=E37)*($F$2:F37=F37)*($G$2:G37=G37)*($H$2:H37=H37)*($I$2:I37=I37)*($J$2:J37=J37)*($K$2:K37=K37)*($N$2:N37=N37))=1,"بله-1","بله")))} -> خیر | P37: {=IF(A37="","",IF(SUMPRODUCT(($F$2:$F$969=F37)*($I$2:$I$969=I37))=1,"خیر",IF(SUMPRODUCT(($F$2:F37=F37)*($I$2:I37=I37))=1,"بله-1","بله")))} -> خیر
A38: 210023908 | B38: شهریور | C38: 1405-06 | D38: یخچال مینی | E38: CM-RS5BK1 | F38: 52240002N00847 | G38: از کار افتادن محصول**اياب و ذهاب به عهده شرکت | H38: خرابی کلید فشاری | I38: 1405/06/16 | J38: 1403/12/10 | K38: 1405/04/15 | L38: =IF(OR(TRIM(I38)="",TRIM(K38)=""),"",IFERROR((VALUE(LEFT(TRIM(I38),4))-VALUE(LEFT(TRIM(K38),4)))*12+VALUE(MID(TRIM(I38),6,2))-VALUE(MID(TRIM(K38),6,2)),"")) -> 2 | M38: =IF(TRIM(H38)="","",IFERROR(LOOKUP(2,1/(ISNUMBER(SEARCH('منطق دسته‌بندی'!$A$2:$A$187,H38))),'منطق دسته‌بندی'!$B$2:$B$187),"سایر (نیازمند بررسی دستی)")) -> کلید فشاری (تعویض/بازبینی) | N38: MINI کليد فشاري يخچال | O38: {=IF(A38="","",IF(SUMPRODUCT(($B$2:$B$965=B38)*($C$2:$C$965=C38)*($D$2:$D$965=D38)*($E$2:$E$965=E38)*($F$2:$F$965=F38)*($G$2:$G$965=G38)*($H$2:$H$965=H38)*($I$2:$I$965=I38)*($J$2:$J$965=J38)*($K$2:$K$965=K38)*($N$2:$N$965=N38))=1,"خیر",IF(SUMPRODUCT(($B$2:B38=B38)*($C$2:C38=C38)*($D$2:D38=D38)*($E$2:E38=E38)*($F$2:F38=F38)*($G$2:G38=G38)*($H$2:H38=H38)*($I$2:I38=I38)*($J$2:J38=J38)*($K$2:K38=K38)*($N$2:N38=N38))=1,"بله-1","بله")))} -> خیر | P38: {=IF(A38="","",IF(SUMPRODUCT(($F$2:$F$969=F38)*($I$2:$I$969=I38))=1,"خیر",IF(SUMPRODUCT(($F$2:F38=F38)*($I$2:I38=I38))=1,"بله-1","بله")))} -> خیر
A39: 770306 | B39: اردیبهشت | C39: 1405-02 | D39: یخچال مینی | E39: CM-RS5BK1 | F39: 52240002N00838 | G39: گرم شدن محصول ایاب و ذهاب به عهده شرکت | H39: نشتی گاز - نامشخص - یخچال مینی | I39: 1405/02/08 | J39: 1403/12/11 | K39: 1404/05/28 | L39: =IF(OR(TRIM(I39)="",TRIM(K39)=""),"",IFERROR((VALUE(LEFT(TRIM(I39),4))-VALUE(LEFT(TRIM(K39),4)))*12+VALUE(MID(TRIM(I39),6,2))-VALUE(MID(TRIM(K39),6,2)),"")) -> 9 | M39: =IF(TRIM(H39)="","",IFERROR(LOOKUP(2,1/(ISNUMBER(SEARCH('منطق دسته‌بندی'!$A$2:$A$187,H39))),'منطق دسته‌بندی'!$B$2:$B$187),"سایر (نیازمند بررسی دستی)")) -> نشتی آب - محل نامشخص (نیازمند بازدید) | N39: — | O39: {=IF(A39="","",IF(SUMPRODUCT(($B$2:$B$965=B39)*($C$2:$C$965=C39)*($D$2:$D$965=D39)*($E$2:$E$965=E39)*($F$2:$F$965=F39)*($G$2:$G$965=G39)*($H$2:$H$965=H39)*($I$2:$I$965=I39)*($J$2:$J$965=J39)*($K$2:$K$965=K39)*($N$2:$N$965=N39))=1,"خیر",IF(SUMPRODUCT(($B$2:B39=B39)*($C$2:C39=C39)*($D$2:D39=D39)*($E$2:E39=E39)*($F$2:F39=F39)*($G$2:G39=G39)*($H$2:H39=H39)*($I$2:I39=I39)*($J$2:J39=J39)*($K$2:K39=K39)*($N$2:N39=N39))=1,"بله-1","بله")))} -> خیر | P39: {=IF(A39="","",IF(SUMPRODUCT(($F$2:$F$969=F39)*($I$2:$I$969=I39))=1,"خیر",IF(SUMPRODUCT(($F$2:F39=F39)*($I$2:I39=I39))=1,"بله-1","بله")))} -> خیر
A40: 210012002 | B40: فروردین | C40: 1405-01 | D40: یخچال مینی | E40: CM-RS5BK1 | F40: 52240002N00838 | G40: گرم شدن محصول — ایاب و ذهاب به عهده شرکت | H40: خرابی ترموستات - یخچال مینی | I40: 1405/01/22 | J40: 1403/12/11 | K40: 1404/05/28 | L40: =IF(OR(TRIM(I40)="",TRIM(K40)=""),"",IFERROR((VALUE(LEFT(TRIM(I40),4))-VALUE(LEFT(TRIM(K40),4)))*12+VALUE(MID(TRIM(I40),6,2))-VALUE(MID(TRIM(K40),6,2)),"")) -> 8 | M40: =IF(TRIM(H40)="","",IFERROR(LOOKUP(2,1/(ISNUMBER(SEARCH('منطق دسته‌بندی'!$A$2:$A$187,H40))),'منطق دسته‌بندی'!$B$2:$B$187),"سایر (نیازمند بررسی دستی)")) -> خرابی - ترموستات/سنسور دما (تعویض) | N40: ترموستات مینی | O40: {=IF(A40="","",IF(SUMPRODUCT(($B$2:$B$965=B40)*($C$2:$C$965=C40)*($D$2:$D$965=D40)*($E$2:$E$965=E40)*($F$2:$F$965=F40)*($G$2:$G$965=G40)*($H$2:$H$965=H40)*($I$2:$I$965=I40)*($J$2:$J$965=J40)*($K$2:$K$965=K40)*($N$2:$N$965=N40))=1,"خیر",IF(SUMPRODUCT(($B$2:B40=B40)*($C$2:C40=C40)*($D$2:D40=D40)*($E$2:E40=E40)*($F$2:F40=F40)*($G$2:G40=G40)*($H$2:H40=H40)*($I$2:I40=I40)*($J$2:J40=J40)*($K$2:K40=K40)*($N$2:N40=N40))=1,"بله-1","بله")))} -> خیر | P40: {=IF(A40="","",IF(SUMPRODUCT(($F$2:$F$969=F40)*($I$2:$I$969=I40))=1,"خیر",IF(SUMPRODUCT(($F$2:F40=F40)*($I$2:I40=I40))=1,"بله-1","بله")))} -> خیر
A41: 310007559 | B41: مرداد | C41: 1405-05 | D41: یخچال مینی | E41: MINI-R (BK01) | F41: 52240002N00398 | G41: از کار افتادن محصول — ایاب و ذهاب به عهده شرکت | H41: خرابی ترموستات | I41: 1405/05/12 | J41: 1403/10/27 | L41: =IF(OR(TRIM(I41)="",TRIM(K41)=""),"",IFERROR((VALUE(LEFT(TRIM(I41),4))-VALUE(LEFT(TRIM(K41),4)))*12+VALUE(MID(TRIM(I41),6,2))-VALUE(MID(TRIM(K41),6,2)),"")) | M41: =IF(TRIM(H41)="","",IFERROR(LOOKUP(2,1/(ISNUMBER(SEARCH('منطق دسته‌بندی'!$A$2:$A$187,H41))),'منطق دسته‌بندی'!$B$2:$B$187),"سایر (نیازمند بررسی دستی)")) -> خرابی - ترموستات/سنسور دما (تعویض) | N41: MINI ترموستات یخچال | O41: {=IF(A41="","",IF(SUMPRODUCT(($B$2:$B$965=B41)*($C$2:$C$965=C41)*($D$2:$D$965=D41)*($E$2:$E$965=E41)*($F$2:$F$965=F41)*($G$2:$G$965=G41)*($H$2:$H$965=H41)*($I$2:$I$965=I41)*($J$2:$J$965=J41)*($K$2:$K$965=K41)*($N$2:$N$965=N41))=1,"خیر",IF(SUMPRODUCT(($B$2:B41=B41)*($C$2:C41=C41)*($D$2:D41=D41)*($E$2:E41=E41)*($F$2:F41=F41)*($G$2:G41=G41)*($H$2:H41=H41)*($I$2:I41=I41)*($J$2:J41=J41)*($K$2:K41=K41)*($N$2:N41=N41))=1,"بله-1","بله")))} -> خیر | P41: {=IF(A41="","",IF(SUMPRODUCT(($F$2:$F$969=F41)*($I$2:$I$969=I41))=1,"خیر",IF(SUMPRODUCT(($F$2:F41=F41)*($I$2:I41=I41))=1,"بله-1","بله")))} -> خیر
A42: 210006037 | B42: فروردین | C42: 1405-01 | D42: یخچال مینی | E42: MINI-R (BK01) | F42: 52240002N00380 | G42: رنگ پریدگی درب ایاب و ذهاب به عهده شرکت | H42: رنگ پریدگی درب - یخچال مینی | I42: 1405/01/19 | J42: 1403/10/26 | K42: 1403/10/26 | L42: =IF(OR(TRIM(I42)="",TRIM(K42)=""),"",IFERROR((VALUE(LEFT(TRIM(I42),4))-VALUE(LEFT(TRIM(K42),4)))*12+VALUE(MID(TRIM(I42),6,2))-VALUE(MID(TRIM(K42),6,2)),"")) -> 15 | M42: =IF(TRIM(H42)="","",IFERROR(LOOKUP(2,1/(ISNUMBER(SEARCH('منطق دسته‌بندی'!$A$2:$A$187,H42))),'منطق دسته‌بندی'!$B$2:$B$187),"سایر (نیازمند بررسی دستی)")) -> بدنه/درب - ایراد ظاهری (بازبینی) | N42: — | O42: {=IF(A42="","",IF(SUMPRODUCT(($B$2:$B$965=B42)*($C$2:$C$965=C42)*($D$2:$D$965=D42)*($E$2:$E$965=E42)*($F$2:$F$965=F42)*($G$2:$G$965=G42)*($H$2:$H$965=H42)*($I$2:$I$965=I42)*($J$2:$J$965=J42)*($K$2:$K$965=K42)*($N$2:$N$965=N42))=1,"خیر",IF(SUMPRODUCT(($B$2:B42=B42)*($C$2:C42=C42)*($D$2:D42=D42)*($E$2:E42=E42)*($F$2:F42=F42)*($G$2:G42=G42)*($H$2:H42=H42)*($I$2:I42=I42)*($J$2:J42=J42)*($K$2:K42=K42)*($N$2:N42=N42))=1,"بله-1","بله")))} -> خیر | P42: {=IF(A42="","",IF(SUMPRODUCT(($F$2:$F$969=F42)*($I$2:$I$969=I42))=1,"خیر",IF(SUMPRODUCT(($F$2:F42=F42)*($I$2:I42=I42))=1,"بله-1","بله")))} -> خیر
A43: 781296 | B43: خرداد | C43: 1405-03 | D43: یخچال مینی | E43: MINI-R (BK01) | F43: 52240002N00359 | G43: خاموش بودن LED کاور / سقفی — ایاب و ذهاب به عهده شرکت | H43: خرابی LED | I43: 1405/03/05 | J43: 1403/10/24 | K43: 1404/12/09 | L43: =IF(OR(TRIM(I43)="",TRIM(K43)=""),"",IFERROR((VALUE(LEFT(TRIM(I43),4))-VALUE(LEFT(TRIM(K43),4)))*12+VALUE(MID(TRIM(I43),6,2))-VALUE(MID(TRIM(K43),6,2)),"")) -> 3 | M43: =IF(TRIM(H43)="","",IFERROR(LOOKUP(2,1/(ISNUMBER(SEARCH('منطق دسته‌بندی'!$A$2:$A$187,H43))),'منطق دسته‌بندی'!$B$2:$B$187),"سایر (نیازمند بررسی دستی)")) -> خرابی - لامپ/LED داخلی (تعویض) | N43: لامپ مینی | O43: {=IF(A43="","",IF(SUMPRODUCT(($B$2:$B$965=B43)*($C$2:$C$965=C43)*($D$2:$D$965=D43)*($E$2:$E$965=E43)*($F$2:$F$965=F43)*($G$2:$G$965=G43)*($H$2:$H$965=H43)*($I$2:$I$965=I43)*($J$2:$J$965=J43)*($K$2:$K$965=K43)*($N$2:$N$965=N43))=1,"خیر",IF(SUMPRODUCT(($B$2:B43=B43)*($C$2:C43=C43)*($D$2:D43=D43)*($E$2:E43=E43)*($F$2:F43=F43)*($G$2:G43=G43)*($H$2:H43=H43)*($I$2:I43=I43)*($J$2:J43=J43)*($K$2:K43=K43)*($N$2:N43=N43))=1,"بله-1","بله")))} -> خیر | P43: {=IF(A43="","",IF(SUMPRODUCT(($F$2:$F$969=F43)*($I$2:$I$969=I43))=1,"خیر",IF(SUMPRODUCT(($F$2:F43=F43)*($I$2:I43=I43))=1,"بله-1","بله")))} -> خیر
A44: 210011525 | B44: فروردین | C44: 1405-01 | D44: یخچال ساید‌بای‌ساید | E44: C2S-29HS1 | F44: 52240001N02140 | G44: تعویض فیلتر - غیرگارانتی | H44: تعویض فیلتر / غیرگارانتی - ساید بای ساید | I44: 1405/01/16 | J44: 1403/10/16 | K44: 1404/05/04 | L44: =IF(OR(TRIM(I44)="",TRIM(K44)=""),"",IFERROR((VALUE(LEFT(TRIM(I44),4))-VALUE(LEFT(TRIM(K44),4)))*12+VALUE(MID(TRIM(I44),6,2))-VALUE(MID(TRIM(K44),6,2)),"")) -> 8 | M44: =IF(TRIM(H44)="","",IFERROR(LOOKUP(2,1/(ISNUMBER(SEARCH('منطق دسته‌بندی'!$A$2:$A$187,H44))),'منطق دسته‌بندی'!$B$2:$B$187),"سایر (نیازمند بررسی دستی)")) -> غیرگارانتی/بدون قطعه | N44: — | O44: {=IF(A44="","",IF(SUMPRODUCT(($B$2:$B$965=B44)*($C$2:$C$965=C44)*($D$2:$D$965=D44)*($E$2:$E$965=E44)*($F$2:$F$965=F44)*($G$2:$G$965=G44)*($H$2:$H$965=H44)*($I$2:$I$965=I44)*($J$2:$J$965=J44)*($K$2:$K$965=K44)*($N$2:$N$965=N44))=1,"خیر",IF(SUMPRODUCT(($B$2:B44=B44)*($C$2:C44=C44)*($D$2:D44=D44)*($E$2:E44=E44)*($F$2:F44=F44)*($G$2:G44=G44)*($H$2:H44=H44)*($I$2:I44=I44)*($J$2:J44=J44)*($K$2:K44=K44)*($N$2:N44=N44))=1,"بله-1","بله")))} -> خیر | P44: {=IF(A44="","",IF(SUMPRODUCT(($F$2:$F$969=F44)*($I$2:$I$969=I44))=1,"خیر",IF(SUMPRODUCT(($F$2:F44=F44)*($I$2:I44=I44))=1,"بله-1","بله")))} -> خیر
A45: 130011535 | B45: شهریور | C45: 1405-06 | D45: یخچال ساید‌بای‌ساید | E45: C2S-29HS1 | F45: 52240001N02132 | G45: عدم تخليه يخ به صورت قالبي**اياب و ذهاب به عهده مشتري | H45: اصلاح دمپر پلاستيکي پشت کابين - سايد باي سايد | I45: 1405/06/03 | J45: 1403/09/21 | K45: 1404/05/09 | L45: =IF(OR(TRIM(I45)="",TRIM(K45)=""),"",IFERROR((VALUE(LEFT(TRIM(I45),4))-VALUE(LEFT(TRIM(K45),4)))*12+VALUE(MID(TRIM(I45),6,2))-VALUE(MID(TRIM(K45),6,2)),"")) -> 13 | M45: =IF(TRIM(H45)="","",IFERROR(LOOKUP(2,1/(ISNUMBER(SEARCH('منطق دسته‌بندی'!$A$2:$A$187,H45))),'منطق دسته‌بندی'!$B$2:$B$187),"سایر (نیازمند بررسی دستی)")) -> یخساز - تنظیم/عایق (تعمیر) | N45: C2S-29HS1 دمپر کامل خروجي يخساز سايد باي سايد | O45: {=IF(A45="","",IF(SUMPRODUCT(($B$2:$B$965=B45)*($C$2:$C$965=C45)*($D$2:$D$965=D45)*($E$2:$E$965=E45)*($F$2:$F$965=F45)*($G$2:$G$965=G45)*($H$2:$H$965=H45)*($I$2:$I$965=I45)*($J$2:$J$965=J45)*($K$2:$K$965=K45)*($N$2:$N$965=N45))=1,"خیر",IF(SUMPRODUCT(($B$2:B45=B45)*($C$2:C45=C45)*($D$2:D45=D45)*($E$2:E45=E45)*($F$2:F45=F45)*($G$2:G45=G45)*($H$2:H45=H45)*($I$2:I45=I45)*($J$2:J45=J45)*($K$2:K45=K45)*($N$2:N45=N45))=1,"بله-1","بله")))} -> خیر | P45: {=IF(A45="","",IF(SUMPRODUCT(($F$2:$F$969=F45)*($I$2:$I$969=I45))=1,"خیر",IF(SUMPRODUCT(($F$2:F45=F45)*($I$2:I45=I45))=1,"بله-1","بله")))} -> خیر
A46: 210020679 | B46: مرداد | C46: 1405-05 | D46: یخچال ساید‌بای‌ساید | E46: C2S-29HS1 | F46: 52240001N02125 | G46: عدم تخليه يخ به صورت قالبي**اياب و ذهاب به عهده مشتري | H46: اصلاح دمپر پلاستيکي پشت کابين - سايد باي سايد | I46: 1405/05/27 | J46: 1403/09/19 | K46: 1404/05/13 | L46: =IF(OR(TRIM(I46)="",TRIM(K46)=""),"",IFERROR((VALUE(LEFT(TRIM(I46),4))-VALUE(LEFT(TRIM(K46),4)))*12+VALUE(MID(TRIM(I46),6,2))-VALUE(MID(TRIM(K46),6,2)),"")) -> 12 | M46: =IF(TRIM(H46)="","",IFERROR(LOOKUP(2,1/(ISNUMBER(SEARCH('منطق دسته‌بندی'!$A$2:$A$187,H46))),'منطق دسته‌بندی'!$B$2:$B$187),"سایر (نیازمند بررسی دستی)")) -> یخساز - تنظیم/عایق (تعمیر) | N46: --- | O46: {=IF(A46="","",IF(SUMPRODUCT(($B$2:$B$965=B46)*($C$2:$C$965=C46)*($D$2:$D$965=D46)*($E$2:$E$965=E46)*($F$2:$F$965=F46)*($G$2:$G$965=G46)*($H$2:$H$965=H46)*($I$2:$I$965=I46)*($J$2:$J$965=J46)*($K$2:$K$965=K46)*($N$2:$N$965=N46))=1,"خیر",IF(SUMPRODUCT(($B$2:B46=B46)*($C$2:C46=C46)*($D$2:D46=D46)*($E$2:E46=E46)*($F$2:F46=F46)*($G$2:G46=G46)*($H$2:H46=H46)*($I$2:I46=I46)*($J$2:J46=J46)*($K$2:K46=K46)*($N$2:N46=N46))=1,"بله-1","بله")))} -> خیر | P46: {=IF(A46="","",IF(SUMPRODUCT(($F$2:$F$969=F46)*($I$2:$I$969=I46))=1,"خیر",IF(SUMPRODUCT(($F$2:F46=F46)*($I$2:I46=I46))=1,"بله-1","بله")))} -> خیر
A47: 763020 | B47: فروردین | C47: 1405-01 | D47: یخچال ساید‌بای‌ساید | E47: C2S-29HS1 | F47: 52240001N02112 | G47: عدم کارکرد یخساز — ایاب و ذهاب به عهده شرکت | H47: تنظیم تایم آبگیری یخساز - ساید بای ساید | I47: 1405/01/17 | J47: 1403/09/20 | K47: 1404/12/23 | L47: =IF(OR(TRIM(I47)="",TRIM(K47)=""),"",IFERROR((VALUE(LEFT(TRIM(I47),4))-VALUE(LEFT(TRIM(K47),4)))*12+VALUE(MID(TRIM(I47),6,2))-VALUE(MID(TRIM(K47),6,2)),"")) -> 1 | M47: =IF(TRIM(H47)="","",IFERROR(LOOKUP(2,1/(ISNUMBER(SEARCH('منطق دسته‌بندی'!$A$2:$A$187,H47))),'منطق دسته‌بندی'!$B$2:$B$187),"سایر (نیازمند بررسی دستی)")) -> یخساز - تنظیم/عایق (تعمیر) | N47: — | O47: {=IF(A47="","",IF(SUMPRODUCT(($B$2:$B$965=B47)*($C$2:$C$965=C47)*($D$2:$D$965=D47)*($E$2:$E$965=E47)*($F$2:$F$965=F47)*($G$2:$G$965=G47)*($H$2:$H$965=H47)*($I$2:$I$965=I47)*($J$2:$J$965=J47)*($K$2:$K$965=K47)*($N$2:$N$965=N47))=1,"خیر",IF(SUMPRODUCT(($B$2:B47=B47)*($C$2:C47=C47)*($D$2:D47=D47)*($E$2:E47=E47)*($F$2:F47=F47)*($G$2:G47=G47)*($H$2:H47=H47)*($I$2:I47=I47)*($J$2:J47=J47)*($K$2:K47=K47)*($N$2:N47=N47))=1,"بله-1","بله")))} -> خیر | P47: {=IF(A47="","",IF(SUMPRODUCT(($F$2:$F$969=F47)*($I$2:$I$969=I47))=1,"خیر",IF(SUMPRODUCT(($F$2:F47=F47)*($I$2:I47=I47))=1,"بله-1","بله")))} -> بله-1
A48: 710002184 | B48: فروردین | C48: 1405-01 | D48: یخچال ساید‌بای‌ساید | E48: C2S-29HS1 | F48: 52240001N02112 | G48: عدم کارکرد یخساز — ایاب و ذهاب به عهده شرکت | H48: اصلاح دمپر پلاستیکی پشت کابین - ساید بای ساید | I48: 1405/01/17 | J48: 1403/09/20 | K48: 1404/12/23 | L48: =IF(OR(TRIM(I48)="",TRIM(K48)=""),"",IFERROR((VALUE(LEFT(TRIM(I48),4))-VALUE(LEFT(TRIM(K48),4)))*12+VALUE(MID(TRIM(I48),6,2))-VALUE(MID(TRIM(K48),6,2)),"")) -> 1 | M48: =IF(TRIM(H48)="","",IFERROR(LOOKUP(2,1/(ISNUMBER(SEARCH('منطق دسته‌بندی'!$A$2:$A$187,H48))),'منطق دسته‌بندی'!$B$2:$B$187),"سایر (نیازمند بررسی دستی)")) -> یخساز - تنظیم/عایق (تعمیر) | N48: — | O48: {=IF(A48="","",IF(SUMPRODUCT(($B$2:$B$965=B48)*($C$2:$C$965=C48)*($D$2:$D$965=D48)*($E$2:$E$965=E48)*($F$2:$F$965=F48)*($G$2:$G$965=G48)*($H$2:$H$965=H48)*($I$2:$I$965=I48)*($J$2:$J$965=J48)*($K$2:$K$965=K48)*($N$2:$N$965=N48))=1,"خیر",IF(SUMPRODUCT(($B$2:B48=B48)*($C$2:C48=C48)*($D$2:D48=D48)*($E$2:E48=E48)*($F$2:F48=F48)*($G$2:G48=G48)*($H$2:H48=H48)*($I$2:I48=I48)*($J$2:J48=J48)*($K$2:K48=K48)*($N$2:N48=N48))=1,"بله-1","بله")))} -> خیر | P48: {=IF(A48="","",IF(SUMPRODUCT(($F$2:$F$969=F48)*($I$2:$I$969=I48))=1,"خیر",IF(SUMPRODUCT(($F$2:F48=F48)*($I$2:I48=I48))=1,"بله-1","بله")))} -> بله
A49: 210017702 | B49: مرداد | C49: 1405-05 | D49: یخچال ساید‌بای‌ساید | E49: C2S-29HS1 | F49: 52240001N02072 | G49: عدم کارکرد یخساز — ایاب و ذهاب به عهده مشتری | H49: اصلاح دمپر پلاستیکی | I49: 1405/05/07 | J49: 1403/09/19 | K49: 1404/05/02 | L49: =IF(OR(TRIM(I49)="",TRIM(K49)=""),"",IFERROR((VALUE(LEFT(TRIM(I49),4))-VALUE(LEFT(TRIM(K49),4)))*12+VALUE(MID(TRIM(I49),6,2))-VALUE(MID(TRIM(K49),6,2)),"")) -> 12 | M49: =IF(TRIM(H49)="","",IFERROR(LOOKUP(2,1/(ISNUMBER(SEARCH('منطق دسته‌بندی'!$A$2:$A$187,H49))),'منطق دسته‌بندی'!$B$2:$B$187),"سایر (نیازمند بررسی دستی)")) -> یخساز - تنظیم/عایق (تعمیر) | N49: دمپر پلاستیکی گرد ساید بای ساید C2S-29HS1 | O49: {=IF(A49="","",IF(SUMPRODUCT(($B$2:$B$965=B49)*($C$2:$C$965=C49)*($D$2:$D$965=D49)*($E$2:$E$965=E49)*($F$2:$F$965=F49)*($G$2:$G$965=G49)*($H$2:$H$965=H49)*($I$2:$I$965=I49)*($J$2:$J$965=J49)*($K$2:$K$965=K49)*($N$2:$N$965=N49))=1,"خیر",IF(SUMPRODUCT(($B$2:B49=B49)*($C$2:C49=C49)*($D$2:D49=D49)*($E$2:E49=E49)*($F$2:F49=F49)*($G$2:G49=G49)*($H$2:H49=H49)*($I$2:I49=I49)*($J$2:J49=J49)*($K$2:K49=K49)*($N$2:N49=N49))=1,"بله-1","بله")))} -> خیر | P49: {=IF(A49="","",IF(SUMPRODUCT(($F$2:$F$969=F49)*($I$2:$I$969=I49))=1,"خیر",IF(SUMPRODUCT(($F$2:F49=F49)*($I$2:I49=I49))=1,"بله-1","بله")))} -> خیر
A50: 210018344 | B50: مرداد | C50: 1405-05 | D50: یخچال ساید‌بای‌ساید | E50: C2S-29HS1 | F50: 52240001N02070 | G50: عدم کارکرد یخساز — ایاب و ذهاب به عهده مشتری | H50: اصلاح دمپر پلاستیکی | I50: 1405/05/11 | J50: 1403/09/17 | K50: 1404/02/06 | L50: =IF(OR(TRIM(I50)="",TRIM(K50)=""),"",IFERROR((VALUE(LEFT(TRIM(I50),4))-VALUE(LEFT(TRIM(K50),4)))*12+VALUE(MID(TRIM(I50),6,2))-VALUE(MID(TRIM(K50),6,2)),"")) -> 15 | M50: =IF(TRIM(H50)="","",IFERROR(LOOKUP(2,1/(ISNUMBER(SEARCH('منطق دسته‌بندی'!$A$2:$A$187,H50))),'منطق دسته‌بندی'!$B$2:$B$187),"سایر (نیازمند بررسی دستی)")) -> یخساز - تنظیم/عایق (تعمیر) | N50: — | O50: {=IF(A50="","",IF(SUMPRODUCT(($B$2:$B$965=B50)*($C$2:$C$965=C50)*($D$2:$D$965=D50)*($E$2:$E$965=E50)*($F$2:$F$965=F50)*($G$2:$G$965=G50)*($H$2:$H$965=H50)*($I$2:$I$965=I50)*($J$2:$J$965=J50)*($K$2:$K$965=K50)*($N$2:$N$965=N50))=1,"خیر",IF(SUMPRODUCT(($B$2:B50=B50)*($C$2:C50=C50)*($D$2:D50=D50)*($E$2:E50=E50)*($F$2:F50=F50)*($G$2:G50=G50)*($H$2:H50=H50)*($I$2:I50=I50)*($J$2:J50=J50)*($K$2:K50=K50)*($N$2:N50=N50))=1,"بله-1","بله")))} -> خیر | P50: {=IF(A50="","",IF(SUMPRODUCT(($F$2:$F$969=F50)*($I$2:$I$969=I50))=1,"خیر",IF(SUMPRODUCT(($F$2:F50=F50)*($I$2:I50=I50))=1,"بله-1","بله")))} -> خیر
A51: 710001924 | B51: فروردین | C51: 1405-01 | D51: یخچال ساید‌بای‌ساید | E51: C2S-29HS1 | F51: 52240001N02052 | G51: خطای ER — ایاب و ذهاب به عهده شرکت | H51: خرابی مگنت درب | I51: 1405/01/16 | J51: 1403/09/20 | K51: 1404/12/28 | L51: =IF(OR(TRIM(I51)="",TRIM(K51)=""),"",IFERROR((VALUE(LEFT(TRIM(I51),4))-VALUE(LEFT(TRIM(K51),4)))*12+VALUE(MID(TRIM(I51),6,2))-VALUE(MID(TRIM(K51),6,2)),"")) -> 1 | M51: =IF(TRIM(H51)="","",IFERROR(LOOKUP(2,1/(ISNUMBER(SEARCH('منطق دسته‌بندی'!$A$2:$A$187,H51))),'منطق دسته‌بندی'!$B$2:$B$187),"سایر (نیازمند بررسی دستی)")) -> مکانیزم درب - مگنت (تعویض) | N51: مگنت درب | O51: {=IF(A51="","",IF(SUMPRODUCT(($B$2:$B$965=B51)*($C$2:$C$965=C51)*($D$2:$D$965=D51)*($E$2:$E$965=E51)*($F$2:$F$965=F51)*($G$2:$G$965=G51)*($H$2:$H$965=H51)*($I$2:$I$965=I51)*($J$2:$J$965=J51)*($K$2:$K$965=K51)*($N$2:$N$965=N51))=1,"خیر",IF(SUMPRODUCT(($B$2:B51=B51)*($C$2:C51=C51)*($D$2:D51=D51)*($E$2:E51=E51)*($F$2:F51=F51)*($G$2:G51=G51)*($H$2:H51=H51)*($I$2:I51=I51)*($J$2:J51=J51)*($K$2:K51=K51)*($N$2:N51=N51))=1,"بله-1","بله")))} -> خیر | P51: {=IF(A51="","",IF(SUMPRODUCT(($F$2:$F$969=F51)*($I$2:$I$969=I51))=1,"خیر",IF(SUMPRODUCT(($F$2:F51=F51)*($I$2:I51=I51))=1,"بله-1","بله")))} -> خیر
A52: 130010892 | B52: شهریور | C52: 1405-06 | D52: یخچال ساید‌بای‌ساید | E52: C2S-29HS1 | F52: 52240001N02048 | G52: موج درب ** اياب و ذهاب به عهده مشتري | H52: موج درب - سايد باي سايد | I52: 1405/06/07 | J52: 1403/09/17 | K52: 1404/03/05 | L52: =IF(OR(TRIM(I52)="",TRIM(K52)=""),"",IFERROR((VALUE(LEFT(TRIM(I52),4))-VALUE(LEFT(TRIM(K52),4)))*12+VALUE(MID(TRIM(I52),6,2))-VALUE(MID(TRIM(K52),6,2)),"")) -> 15 | M52: =IF(TRIM(H52)="","",IFERROR(LOOKUP(2,1/(ISNUMBER(SEARCH('منطق دسته‌بندی'!$A$2:$A$187,H52))),'منطق دسته‌بندی'!$B$2:$B$187),"سایر (نیازمند بررسی دستی)")) -> سایر اجزای درب (بازبینی) | N52: C2S-29HS1 درب یخچال ساید بای ساید | O52: {=IF(A52="","",IF(SUMPRODUCT(($B$2:$B$965=B52)*($C$2:$C$965=C52)*($D$2:$D$965=D52)*($E$2:$E$965=E52)*($F$2:$F$965=F52)*($G$2:$G$965=G52)*($H$2:$H$965=H52)*($I$2:$I$965=I52)*($J$2:$J$965=J52)*($K$2:$K$965=K52)*($N$2:$N$965=N52))=1,"خیر",IF(SUMPRODUCT(($B$2:B52=B52)*($C$2:C52=C52)*($D$2:D52=D52)*($E$2:E52=E52)*($F$2:F52=F52)*($G$2:G52=G52)*($H$2:H52=H52)*($I$2:I52=I52)*($J$2:J52=J52)*($K$2:K52=K52)*($N$2:N52=N52))=1,"بله-1","بله")))} -> خیر | P52: {=IF(A52="","",IF(SUMPRODUCT(($F$2:$F$969=F52)*($I$2:$I$969=I52))=1,"خیر",IF(SUMPRODUCT(($F$2:F52=F52)*($I$2:I52=I52))=1,"بله-1","بله")))} -> خیر
A53: 765741 | B53: فروردین | C53: 1405-01 | D53: یخچال ساید‌بای‌ساید | E53: C2S-29HS1 | F53: 52240001N02021 | G53: عدم کارکرد یخساز — ایاب و ذهاب به عهده شرکت | H53: خرابی برد | I53: 1405/01/26 | J53: 1403/09/13 | K53: 1404/12/03 | L53: =IF(OR(TRIM(I53)="",TRIM(K53)=""),"",IFERROR((VALUE(LEFT(TRIM(I53),4))-VALUE(LEFT(TRIM(K53),4)))*12+VALUE(MID(TRIM(I53),6,2))-VALUE(MID(TRIM(K53),6,2)),"")) -> 1 | M53: =IF(TRIM(H53)="","",IFERROR(LOOKUP(2,1/(ISNUMBER(SEARCH('منطق دسته‌بندی'!$A$2:$A$187,H53))),'منطق دسته‌بندی'!$B$2:$B$187),"سایر (نیازمند بررسی دستی)")) -> خرابی - برد الکترونیک (تعویض) | N53: برد ساید بای ساید | O53: {=IF(A53="","",IF(SUMPRODUCT(($B$2:$B$965=B53)*($C$2:$C$965=C53)*($D$2:$D$965=D53)*($E$2:$E$965=E53)*($F$2:$F$965=F53)*($G$2:$G$965=G53)*($H$2:$H$965=H53)*($I$2:$I$965=I53)*($J$2:$J$965=J53)*($K$2:$K$965=K53)*($N$2:$N$965=N53))=1,"خیر",IF(SUMPRODUCT(($B$2:B53=B53)*($C$2:C53=C53)*($D$2:D53=D53)*($E$2:E53=E53)*($F$2:F53=F53)*($G$2:G53=G53)*($H$2:H53=H53)*($I$2:I53=I53)*($J$2:J53=J53)*($K$2:K53=K53)*($N$2:N53=N53))=1,"بله-1","بله")))} -> خیر | P53: {=IF(A53="","",IF(SUMPRODUCT(($F$2:$F$969=F53)*($I$2:$I$969=I53))=1,"خیر",IF(SUMPRODUCT(($F$2:F53=F53)*($I$2:I53=I53))=1,"بله-1","بله")))} -> بله-1
A54: 130006273 | B54: فروردین | C54: 1405-01 | D54: یخچال ساید‌بای‌ساید | E54: C2S-29HS1 | F54: 52240001N02021 | G54: عدم کارکرد یخساز — ایاب و ذهاب به عهده شرکت | H54: اصلاح دمپر پلاستیکی پشت کابین - ساید بای ساید | I54: 1405/01/26 | J54: 1403/09/13 | K54: 1404/12/03 | L54: =IF(OR(TRIM(I54)="",TRIM(K54)=""),"",IFERROR((VALUE(LEFT(TRIM(I54),4))-VALUE(LEFT(TRIM(K54),4)))*12+VALUE(MID(TRIM(I54),6,2))-VALUE(MID(TRIM(K54),6,2)),"")) -> 1 | M54: =IF(TRIM(H54)="","",IFERROR(LOOKUP(2,1/(ISNUMBER(SEARCH('منطق دسته‌بندی'!$A$2:$A$187,H54))),'منطق دسته‌بندی'!$B$2:$B$187),"سایر (نیازمند بررسی دستی)")) -> یخساز - تنظیم/عایق (تعمیر) | N54: — | O54: {=IF(A54="","",IF(SUMPRODUCT(($B$2:$B$965=B54)*($C$2:$C$965=C54)*($D$2:$D$965=D54)*($E$2:$E$965=E54)*($F$2:$F$965=F54)*($G$2:$G$965=G54)*($H$2:$H$965=H54)*($I$2:$I$965=I54)*($J$2:$J$965=J54)*($K$2:$K$965=K54)*($N$2:$N$965=N54))=1,"خیر",IF(SUMPRODUCT(($B$2:B54=B54)*($C$2:C54=C54)*($D$2:D54=D54)*($E$2:E54=E54)*($F$2:F54=F54)*($G$2:G54=G54)*($H$2:H54=H54)*($I$2:I54=I54)*($J$2:J54=J54)*($K$2:K54=K54)*($N$2:N54=N54))=1,"بله-1","بله")))} -> خیر | P54: {=IF(A54="","",IF(SUMPRODUCT(($F$2:$F$969=F54)*($I$2:$I$969=I54))=1,"خیر",IF(SUMPRODUCT(($F$2:F54=F54)*($I$2:I54=I54))=1,"بله-1","بله")))} -> بله
A55: 710005835 | B55: شهریور | C55: 1405-06 | D55: يخچال فريزر سايدباي سايد | E55: C2S-29HS1 | F55: 52240001N02020 | G55: عدم کارکرد يخساز**اياب و ذهاب به عهده شرکت | H55: اصلاح دمپر پلاستيکي | I55: 1405/06/21 | J55: 1403/09/18 | K55: 1404/08/25 | L55: =IF(OR(TRIM(I55)="",TRIM(K55)=""),"",IFERROR((VALUE(LEFT(TRIM(I55),4))-VALUE(LEFT(TRIM(K55),4)))*12+VALUE(MID(TRIM(I55),6,2))-VALUE(MID(TRIM(K55),6,2)),"")) -> 10 | M55: =IF(OR(ISNUMBER(SEARCH("بدون مورد",H55)),ISNUMBER(SEARCH("غير گارانتي",H55)),ISNUMBER(SEARCH("غیر گارانتی",H55)),ISNUMBER(SEARCH("بدون اجرت",H55)),ISNUMBER(SEARCH("فيلتر",H55)),ISNUMBER(SEARCH("فیلتر",H55))),"غیرگارانتی/بدون قطعه",IF(OR(ISNUMBER(SEARCH("ريست",H55)),ISNUMBER(SEARCH("ریست",H55))),"ریست نرم‌افزاری (بدون قطعه)",IF(OR(ISNUMBER(SEARCH("تعویض محصول",H55)),ISNUMBER(SEARCH("تعویض دستگاه",H55))),"تعویض کامل دستگاه (Replacement)",IF(ISNUMBER(SEARCH("پمپ",H55)),IF(ISNUMBER(SEARCH("نشت",H55)),"نشتی - پمپ تخلیه (تعمیر/آب‌بندی)","خرابی - پمپ تخلیه (تعویض)"),IF(ISNUMBER(SEARCH("کمپرسور",H55)),"خرابی - کمپرسور (تعویض)",IF(ISNUMBER(SEARCH("کمک فنر",H55)),"خرابی - کمک فنر (تعویض)",IF(ISNUMBER(SEARCH("لولا",H55)),"مکانیزم درب - لولا (تعویض)",IF(OR(ISNUMBER(SEARCH("قلاب",H55)),ISNUMBER(SEARCH("ميکروسوئيچ",H55)),ISNUMBER(SEARCH("میکروسوئیچ",H55))),"مکانیزم درب - میکروسوئیچ/قلاب (تعویض/تنظیم)",IF(ISNUMBER(SEARCH("زبانه",H55)),"مکانیزم درب - زبانه (تعویض)",IF(OR(ISNUMBER(SEARCH("شيلنگ",H55)),ISNUMBER(SEARCH("شیلنگ",H55))),IF(OR(ISNUMBER(SEARCH("نشتی",H55)),ISNUMBER(SEARCH("نشتي",H55))),"نشتی - شیلنگ (تعمیر/آب‌بندی)",IF(OR(ISNUMBER(SEARCH("يخ",H55)),ISNUMBER(SEARCH("یخ",H55))),"شیلنگ یخساز - یخ‌زدگی (بازبینی)","شیلنگ - برخورد/لهیدگی (بازبینی)")),IF(OR(ISNUMBER(SEARCH("تنظيم ديسپل",H55)),ISNUMBER(SEARCH("تنظیم دیسپل",H55)),ISNUMBER(SEARCH("تنظيم صفحه نمايش",H55)),ISNUMBER(SEARCH("تنظیم صفحه نمایش",H55))),"تنظیم - تنظیمات دستگاه/دیسپلی (تعمیر)",IF(OR(ISNUMBER(SEARCH("برد",H55)),ISNUMBER(SEARCH("سوکت",H55)),ISNUMBER(SEARCH("ديسپل",H55)),ISNUMBER(SEARCH("دیسپل",H55))),"خرابی - برد الکترونیک (تعویض)",IF(OR(ISNUMBER(SEARCH("يخساز",H55)),ISNUMBER(SEARCH("یخساز",H55)),ISNUMBER(SEARCH("دمپر",H55))),IF(OR(ISNUMBER(SEARCH("خرابی",H55)),ISNUMBER(SEARCH("خراب",H55)),ISNUMBER(SEARCH("عدم کارکرد",H55)),ISNUMBER(SEARCH("عدم عملکرد",H55))),"یخساز - خرابی موتور/سنسور/برد (تعویض)","یخساز - تنظیم/عایق (تعمیر)"),IF(OR(ISNUMBER(SEARCH("لاستيک",H55)),ISNUMBER(SEARCH("لاستیک",H55))),"لاستیک درزگیر - دفرمگی/پارگی (تعویض)",IF(OR(ISNUMBER(SEARCH("گسکت",H55)),ISNUMBER(SEARCH("گسگت",H55))),"لاستیک درزگیر - دفرمگی/پارگی (تعویض)",IF(ISNUMBER(SEARCH("مخزن نمک",H55)),"نشتی - درب مخزن نمک (تعمیر/آب‌بندی)",IF(ISNUMBER(SEARCH("براکت",H55)),"نشتی - براکت ریل (تعمیر/آب‌بندی)",IF(ISNUMBER(SEARCH("جاپودر",H55)),"نشتی - جاپودری (تعمیر/آب‌بندی)",IF(ISNUMBER(SEARCH("مقسم",H55)),"نشتی - مقسم آب (تعمیر/آب‌بندی)",IF(OR(ISNUMBER(SEARCH("سنسور دما",H55)),ISNUMBER(SEARCH("ترموستات",H55))),"خرابی - ترموستات (تعویض)",IF(OR(ISNUMBER(SEARCH("هيدروستات",H55)),ISNUMBER(SEARCH("هیدروستات",H55))),"خرابی - هیدروستات (تعویض)",IF(OR(ISNUMBER(SEARCH("بلبرينگ",H55)),ISNUMBER(SEARCH("بلبرینگ",H55))),"خرابی - بلبرینگ (تعویض)",IF(OR(ISNUMBER(SEARCH("شيربرق",H55)),ISNUMBER(SEARCH("شیربرق",H55))),"خرابی - شیربرقی (تعویض)",IF(OR(ISNUMBER(SEARCH("واتر جت",H55)),ISNUMBER(SEARCH("واترجت",H55))),"خرابی - واترجت (تعویض)",IF(OR(ISNUMBER(SEARCH("سيم",H55)),ISNUMBER(SEARCH("سیم",H55)),ISNUMBER(SEARCH("اتصال",H55))),"سیم‌کشی/اتصالات (تعویض/بازبینی)",IF(OR(ISNUMBER(SEARCH("تصوير",H55)),ISNUMBER(SEARCH("تصویر",H55))),"برد نمایش تلویزیون (تعویض)",IF(OR(ISNUMBER(SEARCH("ريموت",H55)),ISNUMBER(SEARCH("ریموت",H55))),"ریموت کنترل (تعویض/تعمیر)",IF(OR(ISNUMBER(SEARCH("ال اي دي",H55)),ISNUMBER(SEARCH("ال ای دی",H55)),ISNUMBER(SEARCH("LED",H55))),"خرابی - لامپ/LED داخلی (تعویض)",IF(ISNUMBER(SEARCH("زنگ زدگ",H55)),"زنگ‌زدگی بدنه/قطعه (تعویض)",IF(OR(ISNUMBER(SEARCH("قطعات تزئين",H55)),ISNUMBER(SEARCH("قطعات تزئین",H55))),"قطعات تزئینی - شکستگی/کسری (تعویض)",IF(ISNUMBER(SEARCH("سبد",H55)),"سبد ظرفشویی - شکستگی (تعویض)",IF(ISNUMBER(SEARCH("تاب درام",H55)),"خرابی - تاب برداشتن درام (تعویض)",IF(ISNUMBER(SEARCH("درام",H55)),"خرابی - سایر ایراد درام (تعویض)",IF(ISNUMBER(SEARCH("موتور",H55)),"خرابی - موتور (تعویض)",IF(ISNUMBER(SEARCH("تسمه",H55)),"خرابی - تسمه (تعویض)",IF(OR(ISNUMBER(SEARCH("پيچ ولوم",H55)),ISNUMBER(SEARCH("پیچ ولوم",H55))),"تنظیم - پیچ ولوم/دکمه (تعمیر)",IF(OR(ISNUMBER(SEARCH("کسري قطعات",H55)),ISNUMBER(SEARCH("کسری قطعات",H55))),"کسری قطعات تزئینی (تعویض)",IF(ISNUMBER(SEARCH("پرچ",H55)),"پرچ/بدنه کابین(تعمیر)",IF(OR(ISNUMBER(SEARCH("نشت",H55)),ISNUMBER(SEARCH("آبريزش",H55)),ISNUMBER(SEARCH("آبریزش",H55))),"نشتی آب - محل نامشخص (نیازمند بازدید)",IF(ISNUMBER(SEARCH("درب",H55)),"سایر اجزای درب (بازبینی)",IF(ISNUMBER(SEARCH("ضربه",H55)),"بدنه/کابین - ضربه (بازبینی/تعویض پنل)",IF(ISNUMBER(SEARCH("تراز",H55)),"تراز/لرزش - نصب (رگلاژ پایه)",IF(OR(ISNUMBER(SEARCH("تعویض",H55)),ISNUMBER(SEARCH("تعويض",H55))),"تعویض کامل دستگاه (Replacement)","سایر (نیازمند بررسی دستی)"))))))))))))))))))))))))))))))))))))))))))) -> یخساز - تنظیم/عایق (تعمیر) | N55: دمپر پلاستيکي گرد سايد باي سايد C2S-29HS1 | O55: {=IF(A55="","",IF(SUMPRODUCT(($B$2:$B$965=B55)*($C$2:$C$965=C55)*($D$2:$D$965=D55)*($E$2:$E$965=E55)*($F$2:$F$965=F55)*($G$2:$G$965=G55)*($H$2:$H$965=H55)*($I$2:$I$965=I55)*($J$2:$J$965=J55)*($K$2:$K$965=K55)*($N$2:$N$965=N55))=1,"خیر",IF(SUMPRODUCT(($B$2:B55=B55)*($C$2:C55=C55)*($D$2:D55=D55)*($E$2:E55=E55)*($F$2:F55=F55)*($G$2:G55=G55)*($H$2:H55=H55)*($I$2:I55=I55)*($J$2:J55=J55)*($K$2:K55=K55)*($N$2:N55=N55))=1,"بله-1","بله")))} -> خیر | P55: {=IF(A55="","",IF(SUMPRODUCT(($F$2:$F$969=F55)*($I$2:$I$969=I55))=1,"خیر",IF(SUMPRODUCT(($F$2:F55=F55)*($I$2:I55=I55))=1,"بله-1","بله")))} -> خیر
A56: 510023485 | B56: مرداد | C56: 1405-05 | D56: یخچال ساید‌بای‌ساید | E56: C2S-29HS1 | F56: 52240001N02015 | G56: عدم کارکرد یخساز — ایاب و ذهاب به عهده مشتری | H56: خرابی شیربرقی | I56: 1405/05/14 | J56: 1403/09/12 | K56: 1404/02/21 | L56: =IF(OR(TRIM(I56)="",TRIM(K56)=""),"",IFERROR((VALUE(LEFT(TRIM(I56),4))-VALUE(LEFT(TRIM(K56),4)))*12+VALUE(MID(TRIM(I56),6,2))-VALUE(MID(TRIM(K56),6,2)),"")) -> 15 | M56: =IF(TRIM(H56)="","",IFERROR(LOOKUP(2,1/(ISNUMBER(SEARCH('منطق دسته‌بندی'!$A$2:$A$187,H56))),'منطق دسته‌بندی'!$B$2:$B$187),"سایر (نیازمند بررسی دستی)")) -> خرابی - شیربرقی (تعویض) | N56: C2S-29HS1 شیربرقی ساید بای ساید | O56: {=IF(A56="","",IF(SUMPRODUCT(($B$2:$B$965=B56)*($C$2:$C$965=C56)*($D$2:$D$965=D56)*($E$2:$E$965=E56)*($F$2:$F$965=F56)*($G$2:$G$965=G56)*($H$2:$H$965=H56)*($I$2:$I$965=I56)*($J$2:$J$965=J56)*($K$2:$K$965=K56)*($N$2:$N$965=N56))=1,"خیر",IF(SUMPRODUCT(($B$2:B56=B56)*($C$2:C56=C56)*($D$2:D56=D56)*($E$2:E56=E56)*($F$2:F56=F56)*($G$2:G56=G56)*($H$2:H56=H56)*($I$2:I56=I56)*($J$2:J56=J56)*($K$2:K56=K56)*($N$2:N56=N56))=1,"بله-1","بله")))} -> خیر | P56: {=IF(A56="","",IF(SUMPRODUCT(($F$2:$F$969=F56)*($I$2:$I$969=I56))=1,"خیر",IF(SUMPRODUCT(($F$2:F56=F56)*($I$2:I56=I56))=1,"بله-1","بله")))} -> خیر
A57: 210016956 | B57: مرداد | C57: 1405-05 | D57: یخچال ساید‌بای‌ساید | E57: C2S-29HS1 | F57: 52240001N01982 | G57: شکستگی قالب یخساز — ایاب و ذهاب به عهده مشتری | H57: شکستگی قالب یخساز - ساید بای ساید | I57: 1405/05/03 | J57: 1403/09/11 | L57: =IF(OR(TRIM(I57)="",TRIM(K57)=""),"",IFERROR((VALUE(LEFT(TRIM(I57),4))-VALUE(LEFT(TRIM(K57),4)))*12+VALUE(MID(TRIM(I57),6,2))-VALUE(MID(TRIM(K57),6,2)),"")) | M57: =IF(TRIM(H57)="","",IFERROR(LOOKUP(2,1/(ISNUMBER(SEARCH('منطق دسته‌بندی'!$A$2:$A$187,H57))),'منطق دسته‌بندی'!$B$2:$B$187),"سایر (نیازمند بررسی دستی)")) -> یخساز - قالب/کاور (تعویض/بازبینی) | N57: C2S-29HS1 قالب یخ ساید بای ساید | O57: {=IF(A57="","",IF(SUMPRODUCT(($B$2:$B$965=B57)*($C$2:$C$965=C57)*($D$2:$D$965=D57)*($E$2:$E$965=E57)*($F$2:$F$965=F57)*($G$2:$G$965=G57)*($H$2:$H$965=H57)*($I$2:$I$965=I57)*($J$2:$J$965=J57)*($K$2:$K$965=K57)*($N$2:$N$965=N57))=1,"خیر",IF(SUMPRODUCT(($B$2:B57=B57)*($C$2:C57=C57)*($D$2:D57=D57)*($E$2:E57=E57)*($F$2:F57=F57)*($G$2:G57=G57)*($H$2:H57=H57)*($I$2:I57=I57)*($J$2:J57=J57)*($K$2:K57=K57)*($N$2:N57=N57))=1,"بله-1","بله")))} -> خیر | P57: {=IF(A57="","",IF(SUMPRODUCT(($F$2:$F$969=F57)*($I$2:$I$969=I57))=1,"خیر",IF(SUMPRODUCT(($F$2:F57=F57)*($I$2:I57=I57))=1,"بله-1","بله")))} -> خیر
A58: 130004239 | B58: فروردین | C58: 1405-01 | D58: یخچال ساید‌بای‌ساید | E58: C2S-29HS1 | F58: 52240001N01972 | G58: عدم کارکرد یخساز — ایاب و ذهاب به عهده شرکت | H58: خرابی برد - عدم کارکرد یخساز - ساید بای ساید | I58: 1405/01/24 | J58: 1403/09/08 | K58: 1404/12/09 | L58: =IF(OR(TRIM(I58)="",TRIM(K58)=""),"",IFERROR((VALUE(LEFT(TRIM(I58),4))-VALUE(LEFT(TRIM(K58),4)))*12+VALUE(MID(TRIM(I58),6,2))-VALUE(MID(TRIM(K58),6,2)),"")) -> 1 | M58: =IF(TRIM(H58)="","",IFERROR(LOOKUP(2,1/(ISNUMBER(SEARCH('منطق دسته‌بندی'!$A$2:$A$187,H58))),'منطق دسته‌بندی'!$B$2:$B$187),"سایر (نیازمند بررسی دستی)")) -> خرابی - برد الکترونیک (تعویض) | N58: برد ساید بای ساید | O58: {=IF(A58="","",IF(SUMPRODUCT(($B$2:$B$965=B58)*($C$2:$C$965=C58)*($D$2:$D$965=D58)*($E$2:$E$965=E58)*($F$2:$F$965=F58)*($G$2:$G$965=G58)*($H$2:$H$965=H58)*($I$2:$I$965=I58)*($J$2:$J$965=J58)*($K$2:$K$965=K58)*($N$2:$N$965=N58))=1,"خیر",IF(SUMPRODUCT(($B$2:B58=B58)*($C$2:C58=C58)*($D$2:D58=D58)*($E$2:E58=E58)*($F$2:F58=F58)*($G$2:G58=G58)*($H$2:H58=H58)*($I$2:I58=I58)*($J$2:J58=J58)*($K$2:K58=K58)*($N$2:N58=N58))=1,"بله-1","بله")))} -> خیر | P58: {=IF(A58="","",IF(SUMPRODUCT(($F$2:$F$969=F58)*($I$2:$I$969=I58))=1,"خیر",IF(SUMPRODUCT(($F$2:F58=F58)*($I$2:I58=I58))=1,"بله-1","بله")))} -> خیر
A59: 764320 | B59: فروردین | C59: 1405-01 | D59: یخچال ساید‌بای‌ساید | E59: C2S-29HS1 | F59: 52240001N01950 | G59: عدم کارکرد یخساز — ایاب و ذهاب به عهده شرکت | H59: خرابی یخساز | I59: 1405/01/22 | J59: 1403/09/07 | K59: 1404/05/05 | L59: =IF(OR(TRIM(I59)="",TRIM(K59)=""),"",IFERROR((VALUE(LEFT(TRIM(I59),4))-VALUE(LEFT(TRIM(K59),4)))*12+VALUE(MID(TRIM(I59),6,2))-VALUE(MID(TRIM(K59),6,2)),"")) -> 8 | M59: =IF(TRIM(H59)="","",IFERROR(LOOKUP(2,1/(ISNUMBER(SEARCH('منطق دسته‌بندی'!$A$2:$A$187,H59))),'منطق دسته‌بندی'!$B$2:$B$187),"سایر (نیازمند بررسی دستی)")) -> یخساز - خرابی موتور/سنسور/برد (تعویض) | N59: — | O59: {=IF(A59="","",IF(SUMPRODUCT(($B$2:$B$965=B59)*($C$2:$C$965=C59)*($D$2:$D$965=D59)*($E$2:$E$965=E59)*($F$2:$F$965=F59)*($G$2:$G$965=G59)*($H$2:$H$965=H59)*($I$2:$I$965=I59)*($J$2:$J$965=J59)*($K$2:$K$965=K59)*($N$2:$N$965=N59))=1,"خیر",IF(SUMPRODUCT(($B$2:B59=B59)*($C$2:C59=C59)*($D$2:D59=D59)*($E$2:E59=E59)*($F$2:F59=F59)*($G$2:G59=G59)*($H$2:H59=H59)*($I$2:I59=I59)*($J$2:J59=J59)*($K$2:K59=K59)*($N$2:N59=N59))=1,"بله-1","بله")))} -> خیر | P59: {=IF(A59="","",IF(SUMPRODUCT(($F$2:$F$969=F59)*($I$2:$I$969=I59))=1,"خیر",IF(SUMPRODUCT(($F$2:F59=F59)*($I$2:I59=I59))=1,"بله-1","بله")))} -> خیر
A60: 771209 | B60: اردیبهشت | C60: 1405-02 | D60: یخچال ساید‌بای‌ساید | E60: C2S-29HS1 | F60: 52240001N01938 | G60: عدم کارکرد یخساز — ایاب و ذهاب به عهده شرکت | H60: عایق کاری ورودی یخساز - ساید بای ساید | I60: 1405/02/12 | J60: 1403/09/07 | K60: 1405/01/24 | L60: =IF(OR(TRIM(I60)="",TRIM(K60)=""),"",IFERROR((VALUE(LEFT(TRIM(I60),4))-VALUE(LEFT(TRIM(K60),4)))*12+VALUE(MID(TRIM(I60),6,2))-VALUE(MID(TRIM(K60),6,2)),"")) -> 1 | M60: =IF(TRIM(H60)="","",IFERROR(LOOKUP(2,1/(ISNUMBER(SEARCH('منطق دسته‌بندی'!$A$2:$A$187,H60))),'منطق دسته‌بندی'!$B$2:$B$187),"سایر (نیازمند بررسی دستی)")) -> یخساز - تنظیم/عایق (تعمیر) | N60: — | O60: {=IF(A60="","",IF(SUMPRODUCT(($B$2:$B$965=B60)*($C$2:$C$965=C60)*($D$2:$D$965=D60)*($E$2:$E$965=E60)*($F$2:$F$965=F60)*($G$2:$G$965=G60)*($H$2:$H$965=H60)*($I$2:$I$965=I60)*($J$2:$J$965=J60)*($K$2:$K$965=K60)*($N$2:$N$965=N60))=1,"خیر",IF(SUMPRODUCT(($B$2:B60=B60)*($C$2:C60=C60)*($D$2:D60=D60)*($E$2:E60=E60)*($F$2:F60=F60)*($G$2:G60=G60)*($H$2:H60=H60)*($I$2:I60=I60)*($J$2:J60=J60)*($K$2:K60=K60)*($N$2:N60=N60))=1,"بله-1","بله")))} -> خیر | P60: {=IF(A60="","",IF(SUMPRODUCT(($F$2:$F$969=F60)*($I$2:$I$969=I60))=1,"خیر",IF(SUMPRODUCT(($F$2:F60=F60)*($I$2:I60=I60))=1,"بله-1","بله")))} -> خیر
A61: 810006455 | B61: شهریور | C61: 1405-06 | D61: یخچال ساید‌بای‌ساید | E61: C2S-29HS1 | F61: 52240001N01934 | G61: عدم تخليه يخ به صورت قالبي**اياب و ذهاب به عهده مشتري | H61: اصلاح دمپر پلاستيکي پشت کابين - سايد باي سايد | I61: 1405/06/12 | J61: 1403/09/08 | K61: 1404/04/04 | L61: =IF(OR(TRIM(I61)="",TRIM(K61)=""),"",IFERROR((VALUE(LEFT(TRIM(I61),4))-VALUE(LEFT(TRIM(K61),4)))*12+VALUE(MID(TRIM(I61),6,2))-VALUE(MID(TRIM(K61),6,2)),"")) -> 14 | M61: =IF(TRIM(H61)="","",IFERROR(LOOKUP(2,1/(ISNUMBER(SEARCH('منطق دسته‌بندی'!$A$2:$A$187,H61))),'منطق دسته‌بندی'!$B$2:$B$187),"سایر (نیازمند بررسی دستی)")) -> یخساز - تنظیم/عایق (تعمیر) | N61: C2S-29HS1 دمپر کامل خروجي يخساز سايد باي سايد | O61: {=IF(A61="","",IF(SUMPRODUCT(($B$2:$B$965=B61)*($C$2:$C$965=C61)*($D$2:$D$965=D61)*($E$2:$E$965=E61)*($F$2:$F$965=F61)*($G$2:$G$965=G61)*($H$2:$H$965=H61)*($I$2:$I$965=I61)*($J$2:$J$965=J61)*($K$2:$K$965=K61)*($N$2:$N$965=N61))=1,"خیر",IF(SUMPRODUCT(($B$2:B61=B61)*($C$2:C61=C61)*($D$2:D61=D61)*($E$2:E61=E61)*($F$2:F61=F61)*($G$2:G61=G61)*($H$2:H61=H61)*($I$2:I61=I61)*($J$2:J61=J61)*($K$2:K61=K61)*($N$2:N61=N61))=1,"بله-1","بله")))} -> خیر | P61: {=IF(A61="","",IF(SUMPRODUCT(($F$2:$F$969=F61)*($I$2:$I$969=I61))=1,"خیر",IF(SUMPRODUCT(($F$2:F61=F61)*($I$2:I61=I61))=1,"بله-1","بله")))} -> خیر
A62: 774233 | B62: اردیبهشت | C62: 1405-02 | D62: یخچال ساید‌بای‌ساید | E62: C2S-29HS1 | F62: 52240001N01928 | G62: عدم تخلیه یخ به صورت قالبی — ایاب و ذهاب به عهده شرکت | H62: تنظیم تایم آبگیری یخساز - ساید بای ساید | I62: 1405/02/19 | J62: 1403/09/08 | K62: 1404/05/01 | L62: =IF(OR(TRIM(I62)="",TRIM(K62)=""),"",IFERROR((VALUE(LEFT(TRIM(I62),4))-VALUE(LEFT(TRIM(K62),4)))*12+VALUE(MID(TRIM(I62),6,2))-VALUE(MID(TRIM(K62),6,2)),"")) -> 9 | M62: =IF(TRIM(H62)="","",IFERROR(LOOKUP(2,1/(ISNUMBER(SEARCH('منطق دسته‌بندی'!$A$2:$A$187,H62))),'منطق دسته‌بندی'!$B$2:$B$187),"سایر (نیازمند بررسی دستی)")) -> یخساز - تنظیم/عایق (تعمیر) | N62: — | O62: {=IF(A62="","",IF(SUMPRODUCT(($B$2:$B$965=B62)*($C$2:$C$965=C62)*($D$2:$D$965=D62)*($E$2:$E$965=E62)*($F$2:$F$965=F62)*($G$2:$G$965=G62)*($H$2:$H$965=H62)*($I$2:$I$965=I62)*($J$2:$J$965=J62)*($K$2:$K$965=K62)*($N$2:$N$965=N62))=1,"خیر",IF(SUMPRODUCT(($B$2:B62=B62)*($C$2:C62=C62)*($D$2:D62=D62)*($E$2:E62=E62)*($F$2:F62=F62)*($G$2:G62=G62)*($H$2:H62=H62)*($I$2:I62=I62)*($J$2:J62=J62)*($K$2:K62=K62)*($N$2:N62=N62))=1,"بله-1","بله")))} -> خیر | P62: {=IF(A62="","",IF(SUMPRODUCT(($F$2:$F$969=F62)*($I$2:$I$969=I62))=1,"خیر",IF(SUMPRODUCT(($F$2:F62=F62)*($I$2:I62=I62))=1,"بله-1","بله")))} -> خیر
A63: 210021013 | B63: مرداد | C63: 1405-05 | D63: یخچال ساید‌بای‌ساید | E63: C2S-29HS1 | F63: 52240001N01928 | G63: عدم تخليه يخ به صورت قالبي**اياب و ذهاب به عهده مشتري | H63: اصلاح دمپر پلاستيکي پشت کابين - سايد باي سايد | I63: 1405/05/29 | J63: 1403/09/08 | K63: 1404/05/01 | L63: =IF(OR(TRIM(I63)="",TRIM(K63)=""),"",IFERROR((VALUE(LEFT(TRIM(I63),4))-VALUE(LEFT(TRIM(K63),4)))*12+VALUE(MID(TRIM(I63),6,2))-VALUE(MID(TRIM(K63),6,2)),"")) -> 12 | M63: =IF(TRIM(H63)="","",IFERROR(LOOKUP(2,1/(ISNUMBER(SEARCH('منطق دسته‌بندی'!$A$2:$A$187,H63))),'منطق دسته‌بندی'!$B$2:$B$187),"سایر (نیازمند بررسی دستی)")) -> یخساز - تنظیم/عایق (تعمیر) | N63: C2S-29HS1 دمپر کامل خروجي يخساز سايد باي سايد | O63: {=IF(A63="","",IF(SUMPRODUCT(($B$2:$B$965=B63)*($C$2:$C$965=C63)*($D$2:$D$965=D63)*($E$2:$E$965=E63)*($F$2:$F$965=F63)*($G$2:$G$965=G63)*($H$2:$H$965=H63)*($I$2:$I$965=I63)*($J$2:$J$965=J63)*($K$2:$K$965=K63)*($N$2:$N$965=N63))=1,"خیر",IF(SUMPRODUCT(($B$2:B63=B63)*($C$2:C63=C63)*($D$2:D63=D63)*($E$2:E63=E63)*($F$2:F63=F63)*($G$2:G63=G63)*($H$2:H63=H63)*($I$2:I63=I63)*($J$2:J63=J63)*($K$2:K63=K63)*($N$2:N63=N63))=1,"بله-1","بله")))} -> خیر | P63: {=IF(A63="","",IF(SUMPRODUCT(($F$2:$F$969=F63)*($I$2:$I$969=I63))=1,"خیر",IF(SUMPRODUCT(($F$2:F63=F63)*($I$2:I63=I63))=1,"بله-1","بله")))} -> خیر
A64: 210017912 | B64: مرداد | C64: 1405-05 | D64: یخچال ساید‌بای‌ساید | E64: C2S-29HS1 | F64: 52240001N01918 | G64: بسته نشدن درب — ایاب و ذهاب به عهده شرکت | H64: فاصله درب از کابین | I64: 1405/05/08 | J64: 1403/09/06 | K64: 1404/05/14 | L64: =IF(OR(TRIM(I64)="",TRIM(K64)=""),"",IFERROR((VALUE(LEFT(TRIM(I64),4))-VALUE(LEFT(TRIM(K64),4)))*12+VALUE(MID(TRIM(I64),6,2))-VALUE(MID(TRIM(K64),6,2)),"")) -> 12 | M64: =IF(TRIM(H64)="","",IFERROR(LOOKUP(2,1/(ISNUMBER(SEARCH('منطق دسته‌بندی'!$A$2:$A$187,H64))),'منطق دسته‌بندی'!$B$2:$B$187),"سایر (نیازمند بررسی دستی)")) -> سایر اجزای درب (بازبینی) | N64: — | O64: {=IF(A64="","",IF(SUMPRODUCT(($B$2:$B$965=B64)*($C$2:$C$965=C64)*($D$2:$D$965=D64)*($E$2:$E$965=E64)*($F$2:$F$965=F64)*($G$2:$G$965=G64)*($H$2:$H$965=H64)*($I$2:$I$965=I64)*($J$2:$J$965=J64)*($K$2:$K$965=K64)*($N$2:$N$965=N64))=1,"خیر",IF(SUMPRODUCT(($B$2:B64=B64)*($C$2:C64=C64)*($D$2:D64=D64)*($E$2:E64=E64)*($F$2:F64=F64)*($G$2:G64=G64)*($H$2:H64=H64)*($I$2:I64=I64)*($J$2:J64=J64)*($K$2:K64=K64)*($N$2:N64=N64))=1,"بله-1","بله")))} -> خیر | P64: {=IF(A64="","",IF(SUMPRODUCT(($F$2:$F$969=F64)*($I$2:$I$969=I64))=1,"خیر",IF(SUMPRODUCT(($F$2:F64=F64)*($I$2:I64=I64))=1,"بله-1","بله")))} -> خیر
A65: 510017610 | B65: خرداد | C65: 1405-03 | D65: یخچال ساید‌بای‌ساید | E65: C2S-29HS1 | F65: 52240001N01913 | G65: جمع شدن آب زیر محصول — ایاب و ذهاب به عهده شرکت | H65: نشتی از فیتینگی پشت جلوپایی - ساید بای ساید | I65: 1405/03/03 | J65: 1403/09/06 | K65: 1404/12/09 | L65: =IF(OR(TRIM(I65)="",TRIM(K65)=""),"",IFERROR((VALUE(LEFT(TRIM(I65),4))-VALUE(LEFT(TRIM(K65),4)))*12+VALUE(MID(TRIM(I65),6,2))-VALUE(MID(TRIM(K65),6,2)),"")) -> 3 | M65: =IF(TRIM(H65)="","",IFERROR(LOOKUP(2,1/(ISNUMBER(SEARCH('منطق دسته‌بندی'!$A$2:$A$187,H65))),'منطق دسته‌بندی'!$B$2:$B$187),"سایر (نیازمند بررسی دستی)")) -> نشتی - اتصال/فیتینگ (تعمیر/آب‌بندی) | N65: — | O65: {=IF(A65="","",IF(SUMPRODUCT(($B$2:$B$965=B65)*($C$2:$C$965=C65)*($D$2:$D$965=D65)*($E$2:$E$965=E65)*($F$2:$F$965=F65)*($G$2:$G$965=G65)*($H$2:$H$965=H65)*($I$2:$I$965=I65)*($J$2:$J$965=J65)*($K$2:$K$965=K65)*($N$2:$N$965=N65))=1,"خیر",IF(SUMPRODUCT(($B$2:B65=B65)*($C$2:C65=C65)*($D$2:D65=D65)*($E$2:E65=E65)*($F$2:F65=F65)*($G$2:G65=G65)*($H$2:H65=H65)*($I$2:I65=I65)*($J$2:J65=J65)*($K$2:K65=K65)*($N$2:N65=N65))=1,"بله-1","بله")))} -> خیر | P65: {=IF(A65="","",IF(SUMPRODUCT(($F$2:$F$969=F65)*($I$2:$I$969=I65))=1,"خیر",IF(SUMPRODUCT(($F$2:F65=F65)*($I$2:I65=I65))=1,"بله-1","بله")))} -> خیر
A66: 510024998 | B66: شهریور | C66: 1405-06 | D66: یخچال ساید‌بای‌ساید | E66: C2S-29HS1 | F66: 52240001N01913 | G66: عدم کارکرد يخساز**اياب و ذهاب به عهده شرکت | H66: خرابي شيربرقي فريزر - سايد باي سايد | I66: 1405/06/04 | J66: 1403/09/06 | K66: 1404/12/09 | L66: =IF(OR(TRIM(I66)="",TRIM(K66)=""),"",IFERROR((VALUE(LEFT(TRIM(I66),4))-VALUE(LEFT(TRIM(K66),4)))*12+VALUE(MID(TRIM(I66),6,2))-VALUE(MID(TRIM(K66),6,2)),"")) -> 6 | M66: =IF(TRIM(H66)="","",IFERROR(LOOKUP(2,1/(ISNUMBER(SEARCH('منطق دسته‌بندی'!$A$2:$A$187,H66))),'منطق دسته‌بندی'!$B$2:$B$187),"سایر (نیازمند بررسی دستی)")) -> خرابی - شیربرقی (تعویض) | N66: C2S-29HS1 شيربرقي سايد باي سايد | O66: {=IF(A66="","",IF(SUMPRODUCT(($B$2:$B$965=B66)*($C$2:$C$965=C66)*($D$2:$D$965=D66)*($E$2:$E$965=E66)*($F$2:$F$965=F66)*($G$2:$G$965=G66)*($H$2:$H$965=H66)*($I$2:$I$965=I66)*($J$2:$J$965=J66)*($K$2:$K$965=K66)*($N$2:$N$965=N66))=1,"خیر",IF(SUMPRODUCT(($B$2:B66=B66)*($C$2:C66=C66)*($D$2:D66=D66)*($E$2:E66=E66)*($F$2:F66=F66)*($G$2:G66=G66)*($H$2:H66=H66)*($I$2:I66=I66)*($J$2:J66=J66)*($K$2:K66=K66)*($N$2:N66=N66))=1,"بله-1","بله")))} -> خیر | P66: {=IF(A66="","",IF(SUMPRODUCT(($F$2:$F$969=F66)*($I$2:$I$969=I66))=1,"خیر",IF(SUMPRODUCT(($F$2:F66=F66)*($I$2:I66=I66))=1,"بله-1","بله")))} -> خیر
A67: 210012222 | B67: تیر | C67: 1405-04 | D67: یخچال ساید‌بای‌ساید | E67: C2S-29HS1 | F67: 52240001N01897 | G67: ایاب و ذهاب به عهده شرکت عدم تخلیه یخ به صورت قالبی | H67: اصلاح دمپر پلاستیکی پشت کابین - ساید بای ساید | I67: 1405/04/02 | J67: 1403/09/10 | K67: 1405/03/28 | L67: =IF(OR(TRIM(I67)="",TRIM(K67)=""),"",IFERROR((VALUE(LEFT(TRIM(I67),4))-VALUE(LEFT(TRIM(K67),4)))*12+VALUE(MID(TRIM(I67),6,2))-VALUE(MID(TRIM(K67),6,2)),"")) -> 1 | M67: =IF(TRIM(H67)="","",IFERROR(LOOKUP(2,1/(ISNUMBER(SEARCH('منطق دسته‌بندی'!$A$2:$A$187,H67))),'منطق دسته‌بندی'!$B$2:$B$187),"سایر (نیازمند بررسی دستی)")) -> یخساز - تنظیم/عایق (تعمیر) | N67: — | O67: {=IF(A67="","",IF(SUMPRODUCT(($B$2:$B$965=B67)*($C$2:$C$965=C67)*($D$2:$D$965=D67)*($E$2:$E$965=E67)*($F$2:$F$965=F67)*($G$2:$G$965=G67)*($H$2:$H$965=H67)*($I$2:$I$965=I67)*($J$2:$J$965=J67)*($K$2:$K$965=K67)*($N$2:$N$965=N67))=1,"خیر",IF(SUMPRODUCT(($B$2:B67=B67)*($C$2:C67=C67)*($D$2:D67=D67)*($E$2:E67=E67)*($F$2:F67=F67)*($G$2:G67=G67)*($H$2:H67=H67)*($I$2:I67=I67)*($J$2:J67=J67)*($K$2:K67=K67)*($N$2:N67=N67))=1,"بله-1","بله")))} -> خیر | P67: {=IF(A67="","",IF(SUMPRODUCT(($F$2:$F$969=F67)*($I$2:$I$969=I67))=1,"خیر",IF(SUMPRODUCT(($F$2:F67=F67)*($I$2:I67=I67))=1,"بله-1","بله")))} -> خیر
A68: 779873 | B68: خرداد | C68: 1405-03 | D68: یخچال ساید‌بای‌ساید | E68: C2S-29HS1 | F68: 52240001N01882 | G68: عدم کارکرد یخساز — ایاب و ذهاب به عهده شرکت | H68: اصلاح دمپر پلاستیکی پشت کابین - ساید بای ساید | I68: 1405/03/02 | J68: 1403/09/04 | K68: 1404/05/09 | L68: =IF(OR(TRIM(I68)="",TRIM(K68)=""),"",IFERROR((VALUE(LEFT(TRIM(I68),4))-VALUE(LEFT(TRIM(K68),4)))*12+VALUE(MID(TRIM(I68),6,2))-VALUE(MID(TRIM(K68),6,2)),"")) -> 10 | M68: =IF(TRIM(H68)="","",IFERROR(LOOKUP(2,1/(ISNUMBER(SEARCH('منطق دسته‌بندی'!$A$2:$A$187,H68))),'منطق دسته‌بندی'!$B$2:$B$187),"سایر (نیازمند بررسی دستی)")) -> یخساز - تنظیم/عایق (تعمیر) | N68: — | O68: {=IF(A68="","",IF(SUMPRODUCT(($B$2:$B$965=B68)*($C$2:$C$965=C68)*($D$2:$D$965=D68)*($E$2:$E$965=E68)*($F$2:$F$965=F68)*($G$2:$G$965=G68)*($H$2:$H$965=H68)*($I$2:$I$965=I68)*($J$2:$J$965=J68)*($K$2:$K$965=K68)*($N$2:$N$965=N68))=1,"خیر",IF(SUMPRODUCT(($B$2:B68=B68)*($C$2:C68=C68)*($D$2:D68=D68)*($E$2:E68=E68)*($F$2:F68=F68)*($G$2:G68=G68)*($H$2:H68=H68)*($I$2:I68=I68)*($J$2:J68=J68)*($K$2:K68=K68)*($N$2:N68=N68))=1,"بله-1","بله")))} -> خیر | P68: {=IF(A68="","",IF(SUMPRODUCT(($F$2:$F$969=F68)*($I$2:$I$969=I68))=1,"خیر",IF(SUMPRODUCT(($F$2:F68=F68)*($I$2:I68=I68))=1,"بله-1","بله")))} -> خیر
A69: 210018575 | B69: مرداد | C69: 1405-05 | D69: یخچال ساید‌بای‌ساید | E69: C2S-29HS1 | F69: 52240001N01880 | G69: عدم کارکرد یخساز — ایاب و ذهاب به عهده مشتری | H69: خرابی سنسور یخساز - ساید بای ساید | I69: 1405/05/13 | J69: 1403/09/04 | K69: 1404/04/16 | L69: =IF(OR(TRIM(I69)="",TRIM(K69)=""),"",IFERROR((VALUE(LEFT(TRIM(I69),4))-VALUE(LEFT(TRIM(K69),4)))*12+VALUE(MID(TRIM(I69),6,2))-VALUE(MID(TRIM(K69),6,2)),"")) -> 13 | M69: =IF(TRIM(H69)="","",IFERROR(LOOKUP(2,1/(ISNUMBER(SEARCH('منطق دسته‌بندی'!$A$2:$A$187,H69))),'منطق دسته‌بندی'!$B$2:$B$187),"سایر (نیازمند بررسی دستی)")) -> یخساز - خرابی سنسور (تعویض) | N69: C2S-29HS1 سنسور یخساز ساید بای ساید | O69: {=IF(A69="","",IF(SUMPRODUCT(($B$2:$B$965=B69)*($C$2:$C$965=C69)*($D$2:$D$965=D69)*($E$2:$E$965=E69)*($F$2:$F$965=F69)*($G$2:$G$965=G69)*($H$2:$H$965=H69)*($I$2:$I$965=I69)*($J$2:$J$965=J69)*($K$2:$K$965=K69)*($N$2:$N$965=N69))=1,"خیر",IF(SUMPRODUCT(($B$2:B69=B69)*($C$2:C69=C69)*($D$2:D69=D69)*($E$2:E69=E69)*($F$2:F69=F69)*($G$2:G69=G69)*($H$2:H69=H69)*($I$2:I69=I69)*($J$2:J69=J69)*($K$2:K69=K69)*($N$2:N69=N69))=1,"بله-1","بله")))} -> خیر | P69: {=IF(A69="","",IF(SUMPRODUCT(($F$2:$F$969=F69)*($I$2:$I$969=I69))=1,"خیر",IF(SUMPRODUCT(($F$2:F69=F69)*($I$2:I69=I69))=1,"بله-1","بله")))} -> خیر
A70: 210023343 | B70: شهریور | C70: 1405-06 | D70: یخچال ساید‌بای‌ساید | E70: C2S-29HS1 | F70: 52240001N01867 | G70: عدم کارکرد يخساز**اياب و ذهاب به عهده شرکت | H70: خرابي موتور يخساز - سايد باي سايد | I70: 1405/06/12 | J70: 1403/09/03 | K70: 1404/06/30 | L70: =IF(OR(TRIM(I70)="",TRIM(K70)=""),"",IFERROR((VALUE(LEFT(TRIM(I70),4))-VALUE(LEFT(TRIM(K70),4)))*12+VALUE(MID(TRIM(I70),6,2))-VALUE(MID(TRIM(K70),6,2)),"")) -> 12 | M70: =IF(TRIM(H70)="","",IFERROR(LOOKUP(2,1/(ISNUMBER(SEARCH('منطق دسته‌بندی'!$A$2:$A$187,H70))),'منطق دسته‌بندی'!$B$2:$B$187),"سایر (نیازمند بررسی دستی)")) -> یخساز - خرابی موتور (تعویض) | N70: C2S-29HS1 موتور يخساز سايد باي سايد | O70: {=IF(A70="","",IF(SUMPRODUCT(($B$2:$B$965=B70)*($C$2:$C$965=C70)*($D$2:$D$965=D70)*($E$2:$E$965=E70)*($F$2:$F$965=F70)*($G$2:$G$965=G70)*($H$2:$H$965=H70)*($I$2:$I$965=I70)*($J$2:$J$965=J70)*($K$2:$K$965=K70)*($N$2:$N$965=N70))=1,"خیر",IF(SUMPRODUCT(($B$2:B70=B70)*($C$2:C70=C70)*($D$2:D70=D70)*($E$2:E70=E70)*($F$2:F70=F70)*($G$2:G70=G70)*($H$2:H70=H70)*($I$2:I70=I70)*($J$2:J70=J70)*($K$2:K70=K70)*($N$2:N70=N70))=1,"بله-1","بله")))} -> خیر | P70: {=IF(A70="","",IF(SUMPRODUCT(($F$2:$F$969=F70)*($I$2:$I$969=I70))=1,"خیر",IF(SUMPRODUCT(($F$2:F70=F70)*($I$2:I70=I70))=1,"بله-1","بله")))} -> خیر
A71: 130009673 | B71: مرداد | C71: 1405-05 | D71: یخچال ساید‌بای‌ساید | E71: C2S-29HS1 | F71: 52240001N01862 | G71: عدم کارکرد یخساز — ایاب و ذهاب به عهده شرکت | H71: پارگی سنسور یخساز | I71: 1405/05/17 | J71: 1403/09/03 | K71: 1404/11/30 | L71: =IF(OR(TRIM(I71)="",TRIM(K71)=""),"",IFERROR((VALUE(LEFT(TRIM(I71),4))-VALUE(LEFT(TRIM(K71),4)))*12+VALUE(MID(TRIM(I71),6,2))-VALUE(MID(TRIM(K71),6,2)),"")) -> 6 | M71: =IF(TRIM(H71)="","",IFERROR(LOOKUP(2,1/(ISNUMBER(SEARCH('منطق دسته‌بندی'!$A$2:$A$187,H71))),'منطق دسته‌بندی'!$B$2:$B$187),"سایر (نیازمند بررسی دستی)")) -> یخساز - خرابی سنسور (تعویض) | N71: — | O71: {=IF(A71="","",IF(SUMPRODUCT(($B$2:$B$965=B71)*($C$2:$C$965=C71)*($D$2:$D$965=D71)*($E$2:$E$965=E71)*($F$2:$F$965=F71)*($G$2:$G$965=G71)*($H$2:$H$965=H71)*($I$2:$I$965=I71)*($J$2:$J$965=J71)*($K$2:$K$965=K71)*($N$2:$N$965=N71))=1,"خیر",IF(SUMPRODUCT(($B$2:B71=B71)*($C$2:C71=C71)*($D$2:D71=D71)*($E$2:E71=E71)*($F$2:F71=F71)*($G$2:G71=G71)*($H$2:H71=H71)*($I$2:I71=I71)*($J$2:J71=J71)*($K$2:K71=K71)*($N$2:N71=N71))=1,"بله-1","بله")))} -> خیر | P71: {=IF(A71="","",IF(SUMPRODUCT(($F$2:$F$969=F71)*($I$2:$I$969=I71))=1,"خیر",IF(SUMPRODUCT(($F$2:F71=F71)*($I$2:I71=I71))=1,"بله-1","بله")))} -> خیر
A72: 210004767 | B72: خرداد | C72: 1405-03 | D72: یخچال ساید‌بای‌ساید | E72: C2S-29HS1 | F72: 52240001N01829 | G72: عدم کارکرد یخساز — مجدد — ایاب و ذهاب به عهده شرکت | H72: خرابی یخساز - عدم چرخش کامل یخساز - ساید بای ساید | I72: 1405/03/11 | J72: 1403/08/30 | K72: 1404/05/12 | L72: =IF(OR(TRIM(I72)="",TRIM(K72)=""),"",IFERROR((VALUE(LEFT(TRIM(I72),4))-VALUE(LEFT(TRIM(K72),4)))*12+VALUE(MID(TRIM(I72),6,2))-VALUE(MID(TRIM(K72),6,2)),"")) -> 10 | M72: =IF(TRIM(H72)="","",IFERROR(LOOKUP(2,1/(ISNUMBER(SEARCH('منطق دسته‌بندی'!$A$2:$A$187,H72))),'منطق دسته‌بندی'!$B$2:$B$187),"سایر (نیازمند بررسی دستی)")) -> یخساز - خرابی موتور/سنسور/برد (تعویض) | N72: مکانیزم/مجموعه یخساز ساید بای ساید | O72: {=IF(A72="","",IF(SUMPRODUCT(($B$2:$B$965=B72)*($C$2:$C$965=C72)*($D$2:$D$965=D72)*($E$2:$E$965=E72)*($F$2:$F$965=F72)*($G$2:$G$965=G72)*($H$2:$H$965=H72)*($I$2:$I$965=I72)*($J$2:$J$965=J72)*($K$2:$K$965=K72)*($N$2:$N$965=N72))=1,"خیر",IF(SUMPRODUCT(($B$2:B72=B72)*($C$2:C72=C72)*($D$2:D72=D72)*($E$2:E72=E72)*($F$2:F72=F72)*($G$2:G72=G72)*($H$2:H72=H72)*($I$2:I72=I72)*($J$2:J72=J72)*($K$2:K72=K72)*($N$2:N72=N72))=1,"بله-1","بله")))} -> خیر | P72: {=IF(A72="","",IF(SUMPRODUCT(($F$2:$F$969=F72)*($I$2:$I$969=I72))=1,"خیر",IF(SUMPRODUCT(($F$2:F72=F72)*($I$2:I72=I72))=1,"بله-1","بله")))} -> خیر
A73: 210020047 | B73: مرداد | C73: 1405-05 | D73: یخچال ساید‌بای‌ساید | E73: C2S-29HS1 | F73: 52240001N01789 | G73: صداي غيرعادي موتور فن کندانسور **اياب و ذهاب به عهده شرکت | H73: صداي غير عادي فن کندانسور - سايد باي سايد | I73: 1405/05/24 | J73: 1403/08/22 | K73: 1404/12/26 | L73: =IF(OR(TRIM(I73)="",TRIM(K73)=""),"",IFERROR((VALUE(LEFT(TRIM(I73),4))-VALUE(LEFT(TRIM(K73),4)))*12+VALUE(MID(TRIM(I73),6,2))-VALUE(MID(TRIM(K73),6,2)),"")) -> 5 | M73: =IF(TRIM(H73)="","",IFERROR(LOOKUP(2,1/(ISNUMBER(SEARCH('منطق دسته‌بندی'!$A$2:$A$187,H73))),'منطق دسته‌بندی'!$B$2:$B$187),"سایر (نیازمند بررسی دستی)")) -> فن کندانسور - خرابی/صدا (تعویض) | N73: C2S-29HS1 موتور فن و پروانه کندانسور سايد باي سايد | O73: {=IF(A73="","",IF(SUMPRODUCT(($B$2:$B$965=B73)*($C$2:$C$965=C73)*($D$2:$D$965=D73)*($E$2:$E$965=E73)*($F$2:$F$965=F73)*($G$2:$G$965=G73)*($H$2:$H$965=H73)*($I$2:$I$965=I73)*($J$2:$J$965=J73)*($K$2:$K$965=K73)*($N$2:$N$965=N73))=1,"خیر",IF(SUMPRODUCT(($B$2:B73=B73)*($C$2:C73=C73)*($D$2:D73=D73)*($E$2:E73=E73)*($F$2:F73=F73)*($G$2:G73=G73)*($H$2:H73=H73)*($I$2:I73=I73)*($J$2:J73=J73)*($K$2:K73=K73)*($N$2:N73=N73))=1,"بله-1","بله")))} -> خیر | P73: {=IF(A73="","",IF(SUMPRODUCT(($F$2:$F$969=F73)*($I$2:$I$969=I73))=1,"خیر",IF(SUMPRODUCT(($F$2:F73=F73)*($I$2:I73=I73))=1,"بله-1","بله")))} -> خیر
A74: 510026058 | B74: شهریور | C74: 1405-06 | D74: یخچال ساید‌بای‌ساید | E74: C2S-29HS1 | F74: 52240001N01778 | G74: تعويض فيلتر - غيرگارانتي | H74: تعويض فيلتر - غيرگارانتي | I74: 1405/06/16 | J74: 1403/08/22 | K74: 1403/10/06 | L74: =IF(OR(TRIM(I74)="",TRIM(K74)=""),"",IFERROR((VALUE(LEFT(TRIM(I74),4))-VALUE(LEFT(TRIM(K74),4)))*12+VALUE(MID(TRIM(I74),6,2))-VALUE(MID(TRIM(K74),6,2)),"")) -> 20 | M74: =IF(TRIM(H74)="","",IFERROR(LOOKUP(2,1/(ISNUMBER(SEARCH('منطق دسته‌بندی'!$A$2:$A$187,H74))),'منطق دسته‌بندی'!$B$2:$B$187),"سایر (نیازمند بررسی دستی)")) -> غیرگارانتی/بدون قطعه | N74: تعويض فيلتر - غيرگارانتي | O74: {=IF(A74="","",IF(SUMPRODUCT(($B$2:$B$965=B74)*($C$2:$C$965=C74)*($D$2:$D$965=D74)*($E$2:$E$965=E74)*($F$2:$F$965=F74)*($G$2:$G$965=G74)*($H$2:$H$965=H74)*($I$2:$I$965=I74)*($J$2:$J$965=J74)*($K$2:$K$965=K74)*($N$2:$N$965=N74))=1,"خیر",IF(SUMPRODUCT(($B$2:B74=B74)*($C$2:C74=C74)*($D$2:D74=D74)*($E$2:E74=E74)*($F$2:F74=F74)*($G$2:G74=G74)*($H$2:H74=H74)*($I$2:I74=I74)*($J$2:J74=J74)*($K$2:K74=K74)*($N$2:N74=N74))=1,"بله-1","بله")))} -> خیر | P74: {=IF(A74="","",IF(SUMPRODUCT(($F$2:$F$969=F74)*($I$2:$I$969=I74))=1,"خیر",IF(SUMPRODUCT(($F$2:F74=F74)*($I$2:I74=I74))=1,"بله-1","بله")))} -> خیر
A75: 130010751 | B75: شهریور | C75: 1405-06 | D75: یخچال ساید‌بای‌ساید | E75: C2S-29HS1 | F75: 52240001N01710 | G75: شکستگي قالب يخساز**اياب و ذهاب به عهده مشتري | H75: شکستگی کاور پشت یخساز | I75: 1405/06/04 | J75: 1403/08/10 | K75: 1403/12/02 | L75: =IF(OR(TRIM(I75)="",TRIM(K75)=""),"",IFERROR((VALUE(LEFT(TRIM(I75),4))-VALUE(LEFT(TRIM(K75),4)))*12+VALUE(MID(TRIM(I75),6,2))-VALUE(MID(TRIM(K75),6,2)),"")) -> 18 | M75: =IF(TRIM(H75)="","",IFERROR(LOOKUP(2,1/(ISNUMBER(SEARCH('منطق دسته‌بندی'!$A$2:$A$187,H75))),'منطق دسته‌بندی'!$B$2:$B$187),"سایر (نیازمند بررسی دستی)")) -> یخساز - کاور (تعویض) | N75: C2S-29HS1 کاور پشت يخساز سايد باي سايد | O75: {=IF(A75="","",IF(SUMPRODUCT(($B$2:$B$965=B75)*($C$2:$C$965=C75)*($D$2:$D$965=D75)*($E$2:$E$965=E75)*($F$2:$F$965=F75)*($G$2:$G$965=G75)*($H$2:$H$965=H75)*($I$2:$I$965=I75)*($J$2:$J$965=J75)*($K$2:$K$965=K75)*($N$2:$N$965=N75))=1,"خیر",IF(SUMPRODUCT(($B$2:B75=B75)*($C$2:C75=C75)*($D$2:D75=D75)*($E$2:E75=E75)*($F$2:F75=F75)*($G$2:G75=G75)*($H$2:H75=H75)*($I$2:I75=I75)*($J$2:J75=J75)*($K$2:K75=K75)*($N$2:N75=N75))=1,"بله-1","بله")))} -> خیر | P75: {=IF(A75="","",IF(SUMPRODUCT(($F$2:$F$969=F75)*($I$2:$I$969=I75))=1,"خیر",IF(SUMPRODUCT(($F$2:F75=F75)*($I$2:I75=I75))=1,"بله-1","بله")))} -> خیر
A76: 210012658 | B76: فروردین | C76: 1405-01 | D76: یخچال ساید‌بای‌ساید | E76: C2S-29HS1 | F76: 52240001N01707 | G76: تعویض فیلتر - غیرگارانتی | H76: تعویض فیلتر / غیرگارانتی - ساید بای ساید | I76: 1405/01/16 | J76: 1403/08/10 | K76: 1403/12/13 | L76: =IF(OR(TRIM(I76)="",TRIM(K76)=""),"",IFERROR((VALUE(LEFT(TRIM(I76),4))-VALUE(LEFT(TRIM(K76),4)))*12+VALUE(MID(TRIM(I76),6,2))-VALUE(MID(TRIM(K76),6,2)),"")) -> 13 | M76: =IF(TRIM(H76)="","",IFERROR(LOOKUP(2,1/(ISNUMBER(SEARCH('منطق دسته‌بندی'!$A$2:$A$187,H76))),'منطق دسته‌بندی'!$B$2:$B$187),"سایر (نیازمند بررسی دستی)")) -> غیرگارانتی/بدون قطعه | N76: — | O76: {=IF(A76="","",IF(SUMPRODUCT(($B$2:$B$965=B76)*($C$2:$C$965=C76)*($D$2:$D$965=D76)*($E$2:$E$965=E76)*($F$2:$F$965=F76)*($G$2:$G$965=G76)*($H$2:$H$965=H76)*($I$2:$I$965=I76)*($J$2:$J$965=J76)*($K$2:$K$965=K76)*($N$2:$N$965=N76))=1,"خیر",IF(SUMPRODUCT(($B$2:B76=B76)*($C$2:C76=C76)*($D$2:D76=D76)*($E$2:E76=E76)*($F$2:F76=F76)*($G$2:G76=G76)*($H$2:H76=H76)*($I$2:I76=I76)*($J$2:J76=J76)*($K$2:K76=K76)*($N$2:N76=N76))=1,"بله-1","بله")))} -> خیر | P76: {=IF(A76="","",IF(SUMPRODUCT(($F$2:$F$969=F76)*($I$2:$I$969=I76))=1,"خیر",IF(SUMPRODUCT(($F$2:F76=F76)*($I$2:I76=I76))=1,"بله-1","بله")))} -> خیر
A77: 775970 | B77: اردیبهشت | C77: 1405-02 | D77: یخچال ساید‌بای‌ساید | E77: C2S-29HS1 | F77: 52240001N01673 | G77: تعویض فیلتر - غیرگارانتی | H77: تعویض فیلتر - غیرگارانتی | I77: 1405/02/29 | J77: 1403/09/17 | K77: 1404/06/05 | L77: =IF(OR(TRIM(I77)="",TRIM(K77)=""),"",IFERROR((VALUE(LEFT(TRIM(I77),4))-VALUE(LEFT(TRIM(K77),4)))*12+VALUE(MID(TRIM(I77),6,2))-VALUE(MID(TRIM(K77),6,2)),"")) -> 8 | M77: =IF(TRIM(H77)="","",IFERROR(LOOKUP(2,1/(ISNUMBER(SEARCH('منطق دسته‌بندی'!$A$2:$A$187,H77))),'منطق دسته‌بندی'!$B$2:$B$187),"سایر (نیازمند بررسی دستی)")) -> غیرگارانتی/بدون قطعه | N77: — | O77: {=IF(A77="","",IF(SUMPRODUCT(($B$2:$B$965=B77)*($C$2:$C$965=C77)*($D$2:$D$965=D77)*($E$2:$E$965=E77)*($F$2:$F$965=F77)*($G$2:$G$965=G77)*($H$2:$H$965=H77)*($I$2:$I$965=I77)*($J$2:$J$965=J77)*($K$2:$K$965=K77)*($N$2:$N$965=N77))=1,"خیر",IF(SUMPRODUCT(($B$2:B77=B77)*($C$2:C77=C77)*($D$2:D77=D77)*($E$2:E77=E77)*($F$2:F77=F77)*($G$2:G77=G77)*($H$2:H77=H77)*($I$2:I77=I77)*($J$2:J77=J77)*($K$2:K77=K77)*($N$2:N77=N77))=1,"بله-1","بله")))} -> خیر | P77: {=IF(A77="","",IF(SUMPRODUCT(($F$2:$F$969=F77)*($I$2:$I$969=I77))=1,"خیر",IF(SUMPRODUCT(($F$2:F77=F77)*($I$2:I77=I77))=1,"بله-1","بله")))} -> خیر
A78: 210009117 | B78: خرداد | C78: 1405-03 | D78: یخچال ساید‌بای‌ساید | E78: C2S-29HS1 | F78: 52240001N01659 | G78: ایاب و ذهاب به عهده شرکت خطای E6 | H78: خرابی سنسور یخساز - ساید بای ساید | I78: 1405/03/09 | J78: 1403/08/30 | K78: 1404/05/13 | L78: =IF(OR(TRIM(I78)="",TRIM(K78)=""),"",IFERROR((VALUE(LEFT(TRIM(I78),4))-VALUE(LEFT(TRIM(K78),4)))*12+VALUE(MID(TRIM(I78),6,2))-VALUE(MID(TRIM(K78),6,2)),"")) -> 10 | M78: =IF(TRIM(H78)="","",IFERROR(LOOKUP(2,1/(ISNUMBER(SEARCH('منطق دسته‌بندی'!$A$2:$A$187,H78))),'منطق دسته‌بندی'!$B$2:$B$187),"سایر (نیازمند بررسی دستی)")) -> یخساز - خرابی سنسور (تعویض) | N78: سنسور یخساز ساید بای ساید | O78: {=IF(A78="","",IF(SUMPRODUCT(($B$2:$B$965=B78)*($C$2:$C$965=C78)*($D$2:$D$965=D78)*($E$2:$E$965=E78)*($F$2:$F$965=F78)*($G$2:$G$965=G78)*($H$2:$H$965=H78)*($I$2:$I$965=I78)*($J$2:$J$965=J78)*($K$2:$K$965=K78)*($N$2:$N$965=N78))=1,"خیر",IF(SUMPRODUCT(($B$2:B78=B78)*($C$2:C78=C78)*($D$2:D78=D78)*($E$2:E78=E78)*($F$2:F78=F78)*($G$2:G78=G78)*($H$2:H78=H78)*($I$2:I78=I78)*($J$2:J78=J78)*($K$2:K78=K78)*($N$2:N78=N78))=1,"بله-1","بله")))} -> خیر | P78: {=IF(A78="","",IF(SUMPRODUCT(($F$2:$F$969=F78)*($I$2:$I$969=I78))=1,"خیر",IF(SUMPRODUCT(($F$2:F78=F78)*($I$2:I78=I78))=1,"بله-1","بله")))} -> خیر
A79: 210011406 | B79: فروردین | C79: 1405-01 | D79: یخچال ساید‌بای‌ساید | E79: C2S-29HS1 | F79: 52240001N01659 | G79: تعویض فیلتر - غیرگارانتی | H79: تعویض فیلتر / غیرگارانتی - ساید بای ساید | I79: 1405/01/17 | J79: 1403/08/30 | K79: 1404/05/13 | L79: =IF(OR(TRIM(I79)="",TRIM(K79)=""),"",IFERROR((VALUE(LEFT(TRIM(I79),4))-VALUE(LEFT(TRIM(K79),4)))*12+VALUE(MID(TRIM(I79),6,2))-VALUE(MID(TRIM(K79),6,2)),"")) -> 8 | M79: =IF(TRIM(H79)="","",IFERROR(LOOKUP(2,1/(ISNUMBER(SEARCH('منطق دسته‌بندی'!$A$2:$A$187,H79))),'منطق دسته‌بندی'!$B$2:$B$187),"سایر (نیازمند بررسی دستی)")) -> غیرگارانتی/بدون قطعه | N79: — | O79: {=IF(A79="","",IF(SUMPRODUCT(($B$2:$B$965=B79)*($C$2:$C$965=C79)*($D$2:$D$965=D79)*($E$2:$E$965=E79)*($F$2:$F$965=F79)*($G$2:$G$965=G79)*($H$2:$H$965=H79)*($I$2:$I$965=I79)*($J$2:$J$965=J79)*($K$2:$K$965=K79)*($N$2:$N$965=N79))=1,"خیر",IF(SUMPRODUCT(($B$2:B79=B79)*($C$2:C79=C79)*($D$2:D79=D79)*($E$2:E79=E79)*($F$2:F79=F79)*($G$2:G79=G79)*($H$2:H79=H79)*($I$2:I79=I79)*($J$2:J79=J79)*($K$2:K79=K79)*($N$2:N79=N79))=1,"بله-1","بله")))} -> خیر | P79: {=IF(A79="","",IF(SUMPRODUCT(($F$2:$F$969=F79)*($I$2:$I$969=I79))=1,"خیر",IF(SUMPRODUCT(($F$2:F79=F79)*($I$2:I79=I79))=1,"بله-1","بله")))} -> خیر
A80: 210019735 | B80: مرداد | C80: 1405-05 | D80: یخچال ساید‌بای‌ساید | E80: C2S-29HS1 | F80: 52240001N01659 | G80: عدم کارکرد يخساز**مجدد**اياب و ذهاب به عهده شرکت | H80: خرابي شيربرقي فريزر - سايد باي سايد | I80: 1405/05/21 | J80: 1403/08/30 | K80: 1404/05/13 | L80: =IF(OR(TRIM(I80)="",TRIM(K80)=""),"",IFERROR((VALUE(LEFT(TRIM(I80),4))-VALUE(LEFT(TRIM(K80),4)))*12+VALUE(MID(TRIM(I80),6,2))-VALUE(MID(TRIM(K80),6,2)),"")) -> 12 | M80: =IF(TRIM(H80)="","",IFERROR(LOOKUP(2,1/(ISNUMBER(SEARCH('منطق دسته‌بندی'!$A$2:$A$187,H80))),'منطق دسته‌بندی'!$B$2:$B$187),"سایر (نیازمند بررسی دستی)")) -> خرابی - شیربرقی (تعویض) | N80: C2S-29HS1 شيربرقي سايد باي سايد | O80: {=IF(A80="","",IF(SUMPRODUCT(($B$2:$B$965=B80)*($C$2:$C$965=C80)*($D$2:$D$965=D80)*($E$2:$E$965=E80)*($F$2:$F$965=F80)*($G$2:$G$965=G80)*($H$2:$H$965=H80)*($I$2:$I$965=I80)*($J$2:$J$965=J80)*($K$2:$K$965=K80)*($N$2:$N$965=N80))=1,"خیر",IF(SUMPRODUCT(($B$2:B80=B80)*($C$2:C80=C80)*($D$2:D80=D80)*($E$2:E80=E80)*($F$2:F80=F80)*($G$2:G80=G80)*($H$2:H80=H80)*($I$2:I80=I80)*($J$2:J80=J80)*($K$2:K80=K80)*($N$2:N80=N80))=1,"بله-1","بله")))} -> خیر | P80: {=IF(A80="","",IF(SUMPRODUCT(($F$2:$F$969=F80)*($I$2:$I$969=I80))=1,"خیر",IF(SUMPRODUCT(($F$2:F80=F80)*($I$2:I80=I80))=1,"بله-1","بله")))} -> خیر
A81: 510025294 | B81: شهریور | C81: 1405-06 | D81: یخچال ساید‌بای‌ساید | E81: C2S-29HS1 | F81: 52240001N01604 | G81: جمع شدن آب زير محصول**اياب و ذهاب به عهده شرکت | H81: خرابي شيربرقي فريزر - سايد باي سايد | I81: 1405/06/08 | J81: 1403/07/28 | K81: 1404/12/27 | L81: =IF(OR(TRIM(I81)="",TRIM(K81)=""),"",IFERROR((VALUE(LEFT(TRIM(I81),4))-VALUE(LEFT(TRIM(K81),4)))*12+VALUE(MID(TRIM(I81),6,2))-VALUE(MID(TRIM(K81),6,2)),"")) -> 6 | M81: =IF(TRIM(H81)="","",IFERROR(LOOKUP(2,1/(ISNUMBER(SEARCH('منطق دسته‌بندی'!$A$2:$A$187,H81))),'منطق دسته‌بندی'!$B$2:$B$187),"سایر (نیازمند بررسی دستی)")) -> خرابی - شیربرقی (تعویض) | N81: C2S-29HS1 شيربرقي سايد باي سايد | O81: {=IF(A81="","",IF(SUMPRODUCT(($B$2:$B$965=B81)*($C$2:$C$965=C81)*($D$2:$D$965=D81)*($E$2:$E$965=E81)*($F$2:$F$965=F81)*($G$2:$G$965=G81)*($H$2:$H$965=H81)*($I$2:$I$965=I81)*($J$2:$J$965=J81)*($K$2:$K$965=K81)*($N$2:$N$965=N81))=1,"خیر",IF(SUMPRODUCT(($B$2:B81=B81)*($C$2:C81=C81)*($D$2:D81=D81)*($E$2:E81=E81)*($F$2:F81=F81)*($G$2:G81=G81)*($H$2:H81=H81)*($I$2:I81=I81)*($J$2:J81=J81)*($K$2:K81=K81)*($N$2:N81=N81))=1,"بله-1","بله")))} -> خیر | P81: {=IF(A81="","",IF(SUMPRODUCT(($F$2:$F$969=F81)*($I$2:$I$969=I81))=1,"خیر",IF(SUMPRODUCT(($F$2:F81=F81)*($I$2:I81=I81))=1,"بله-1","بله")))} -> خیر
A82: 210005441 | B82: فروردین | C82: 1405-01 | D82: یخچال ساید‌بای‌ساید | E82: C2S-29HS1 | F82: 52240001N01596 | G82: ایاب و ذهاب به عهده شرکت — جدا شدن قالب یخساز | H82: اصلاح دمپر پلاستیکی پشت کابین - ساید بای ساید | I82: 1405/01/29 | J82: 1403/07/22 | K82: 1404/04/16 | L82: =IF(OR(TRIM(I82)="",TRIM(K82)=""),"",IFERROR((VALUE(LEFT(TRIM(I82),4))-VALUE(LEFT(TRIM(K82),4)))*12+VALUE(MID(TRIM(I82),6,2))-VALUE(MID(TRIM(K82),6,2)),"")) -> 9 | M82: =IF(TRIM(H82)="","",IFERROR(LOOKUP(2,1/(ISNUMBER(SEARCH('منطق دسته‌بندی'!$A$2:$A$187,H82))),'منطق دسته‌بندی'!$B$2:$B$187),"سایر (نیازمند بررسی دستی)")) -> یخساز - تنظیم/عایق (تعمیر) | N82: — | O82: {=IF(A82="","",IF(SUMPRODUCT(($B$2:$B$965=B82)*($C$2:$C$965=C82)*($D$2:$D$965=D82)*($E$2:$E$965=E82)*($F$2:$F$965=F82)*($G$2:$G$965=G82)*($H$2:$H$965=H82)*($I$2:$I$965=I82)*($J$2:$J$965=J82)*($K$2:$K$965=K82)*($N$2:$N$965=N82))=1,"خیر",IF(SUMPRODUCT(($B$2:B82=B82)*($C$2:C82=C82)*($D$2:D82=D82)*($E$2:E82=E82)*($F$2:F82=F82)*($G$2:G82=G82)*($H$2:H82=H82)*($I$2:I82=I82)*($J$2:J82=J82)*($K$2:K82=K82)*($N$2:N82=N82))=1,"بله-1","بله")))} -> خیر | P82: {=IF(A82="","",IF(SUMPRODUCT(($F$2:$F$969=F82)*($I$2:$I$969=I82))=1,"خیر",IF(SUMPRODUCT(($F$2:F82=F82)*($I$2:I82=I82))=1,"بله-1","بله")))} -> خیر
A83: 210019667 | B83: مرداد | C83: 1405-05 | D83: یخچال ساید‌بای‌ساید | E83: C2S-29HS1 | F83: 52240001N01596 | G83: عدم کارکرد یخساز — ایاب و ذهاب به عهده شرکت | H83: خرابی موتور یخساز | I83: 1405/05/18 | J83: 1403/07/22 | K83: 1404/04/16 | L83: =IF(OR(TRIM(I83)="",TRIM(K83)=""),"",IFERROR((VALUE(LEFT(TRIM(I83),4))-VALUE(LEFT(TRIM(K83),4)))*12+VALUE(MID(TRIM(I83),6,2))-VALUE(MID(TRIM(K83),6,2)),"")) -> 13 | M83: =IF(TRIM(H83)="","",IFERROR(LOOKUP(2,1/(ISNUMBER(SEARCH('منطق دسته‌بندی'!$A$2:$A$187,H83))),'منطق دسته‌بندی'!$B$2:$B$187),"سایر (نیازمند بررسی دستی)")) -> یخساز - خرابی موتور (تعویض) | N83: C2S-29HS1 موتور یخساز ساید بای ساید | O83: {=IF(A83="","",IF(SUMPRODUCT(($B$2:$B$965=B83)*($C$2:$C$965=C83)*($D$2:$D$965=D83)*($E$2:$E$965=E83)*($F$2:$F$965=F83)*($G$2:$G$965=G83)*($H$2:$H$965=H83)*($I$2:$I$965=I83)*($J$2:$J$965=J83)*($K$2:$K$965=K83)*($N$2:$N$965=N83))=1,"خیر",IF(SUMPRODUCT(($B$2:B83=B83)*($C$2:C83=C83)*($D$2:D83=D83)*($E$2:E83=E83)*($F$2:F83=F83)*($G$2:G83=G83)*($H$2:H83=H83)*($I$2:I83=I83)*($J$2:J83=J83)*($K$2:K83=K83)*($N$2:N83=N83))=1,"بله-1","بله")))} -> خیر | P83: {=IF(A83="","",IF(SUMPRODUCT(($F$2:$F$969=F83)*($I$2:$I$969=I83))=1,"خیر",IF(SUMPRODUCT(($F$2:F83=F83)*($I$2:I83=I83))=1,"بله-1","بله")))} -> خیر
A84: 210019667 | B84: مرداد | C84: 1405-05 | D84: یخچال ساید‌بای‌ساید | E84: C2S-29HS1 | F84: 52240001N01596 | G84: عدم کارکرد يخساز ** اياب و ذهاب به عهده شرکت | H84: خرابی یخساز | I84: 1405/05/30 | J84: 1403/07/22 | K84: 1404/04/16 | L84: =IF(OR(TRIM(I84)="",TRIM(K84)=""),"",IFERROR((VALUE(LEFT(TRIM(I84),4))-VALUE(LEFT(TRIM(K84),4)))*12+VALUE(MID(TRIM(I84),6,2))-VALUE(MID(TRIM(K84),6,2)),"")) -> 13 | M84: =IF(TRIM(H84)="","",IFERROR(LOOKUP(2,1/(ISNUMBER(SEARCH('منطق دسته‌بندی'!$A$2:$A$187,H84))),'منطق دسته‌بندی'!$B$2:$B$187),"سایر (نیازمند بررسی دستی)")) -> یخساز - خرابی موتور/سنسور/برد (تعویض) | N84: C2S-29HS1 درب فريزرمونتاژ شده سايد باي سايد | O84: {=IF(A84="","",IF(SUMPRODUCT(($B$2:$B$965=B84)*($C$2:$C$965=C84)*($D$2:$D$965=D84)*($E$2:$E$965=E84)*($F$2:$F$965=F84)*($G$2:$G$965=G84)*($H$2:$H$965=H84)*($I$2:$I$965=I84)*($J$2:$J$965=J84)*($K$2:$K$965=K84)*($N$2:$N$965=N84))=1,"خیر",IF(SUMPRODUCT(($B$2:B84=B84)*($C$2:C84=C84)*($D$2:D84=D84)*($E$2:E84=E84)*($F$2:F84=F84)*($G$2:G84=G84)*($H$2:H84=H84)*($I$2:I84=I84)*($J$2:J84=J84)*($K$2:K84=K84)*($N$2:N84=N84))=1,"بله-1","بله")))} -> خیر | P84: {=IF(A84="","",IF(SUMPRODUCT(($F$2:$F$969=F84)*($I$2:$I$969=I84))=1,"خیر",IF(SUMPRODUCT(($F$2:F84=F84)*($I$2:I84=I84))=1,"بله-1","بله")))} -> خیر
A85: 130012277 | B85: شهریور | C85: 1405-06 | D85: يخچال فريزر سايدباي سايد | E85: C2S-29HS1 | F85: 52240001N01582 | G85: صداي غيرعادي کمپرسور**اياب و ذهاب به عهده شرکت | H85: فن کندانسور | I85: 1405/06/28 | J85: 1403/07/21 | K85: 1404/10/29 | L85: =IF(OR(TRIM(I85)="",TRIM(K85)=""),"",IFERROR((VALUE(LEFT(TRIM(I85),4))-VALUE(LEFT(TRIM(K85),4)))*12+VALUE(MID(TRIM(I85),6,2))-VALUE(MID(TRIM(K85),6,2)),"")) -> 8 | M85: =IF(TRIM(H85)="","",IFERROR(LOOKUP(2,1/(ISNUMBER(SEARCH('منطق دسته‌بندی'!$A$2:$A$187,H85))),'منطق دسته‌بندی'!$B$2:$B$187),"سایر (نیازمند بررسی دستی)")) -> فن کندانسور - خرابی/صدا (تعویض) | N85: C2S-29HS1 موتور فن و پروانه کندانسور سايد باي سايد | O85: {=IF(A85="","",IF(SUMPRODUCT(($B$2:$B$965=B85)*($C$2:$C$965=C85)*($D$2:$D$965=D85)*($E$2:$E$965=E85)*($F$2:$F$965=F85)*($G$2:$G$965=G85)*($H$2:$H$965=H85)*($I$2:$I$965=I85)*($J$2:$J$965=J85)*($K$2:$K$965=K85)*($N$2:$N$965=N85))=1,"خیر",IF(SUMPRODUCT(($B$2:B85=B85)*($C$2:C85=C85)*($D$2:D85=D85)*($E$2:E85=E85)*($F$2:F85=F85)*($G$2:G85=G85)*($H$2:H85=H85)*($I$2:I85=I85)*($J$2:J85=J85)*($K$2:K85=K85)*($N$2:N85=N85))=1,"بله-1","بله")))} -> خیر | P85: {=IF(A85="","",IF(SUMPRODUCT(($F$2:$F$969=F85)*($I$2:$I$969=I85))=1,"خیر",IF(SUMPRODUCT(($F$2:F85=F85)*($I$2:I85=I85))=1,"بله-1","بله")))} -> خیر
A86: 130010283 | B86: مرداد | C86: 1405-05 | D86: یخچال ساید‌بای‌ساید | E86: C2S-29HS1 | F86: 52240001N01567 | G86: تعريق کاور / سقف**عدم تخليه يخ به صورت قالبي**اياب و ذهاب به عهده شرکت | H86: اصلاح دمپر پلاستيکي پشت کابين - سايد باي سايد | I86: 1405/05/27 | J86: 1403/07/21 | K86: 1404/10/04 | L86: =IF(OR(TRIM(I86)="",TRIM(K86)=""),"",IFERROR((VALUE(LEFT(TRIM(I86),4))-VALUE(LEFT(TRIM(K86),4)))*12+VALUE(MID(TRIM(I86),6,2))-VALUE(MID(TRIM(K86),6,2)),"")) -> 7 | M86: =IF(TRIM(H86)="","",IFERROR(LOOKUP(2,1/(ISNUMBER(SEARCH('منطق دسته‌بندی'!$A$2:$A$187,H86))),'منطق دسته‌بندی'!$B$2:$B$187),"سایر (نیازمند بررسی دستی)")) -> یخساز - تنظیم/عایق (تعمیر) | N86: C2S-29HS1 دمپر کامل خروجي يخساز سايد باي سايد | O86: {=IF(A86="","",IF(SUMPRODUCT(($B$2:$B$965=B86)*($C$2:$C$965=C86)*($D$2:$D$965=D86)*($E$2:$E$965=E86)*($F$2:$F$965=F86)*($G$2:$G$965=G86)*($H$2:$H$965=H86)*($I$2:$I$965=I86)*($J$2:$J$965=J86)*($K$2:$K$965=K86)*($N$2:$N$965=N86))=1,"خیر",IF(SUMPRODUCT(($B$2:B86=B86)*($C$2:C86=C86)*($D$2:D86=D86)*($E$2:E86=E86)*($F$2:F86=F86)*($G$2:G86=G86)*($H$2:H86=H86)*($I$2:I86=I86)*($J$2:J86=J86)*($K$2:K86=K86)*($N$2:N86=N86))=1,"بله-1","بله")))} -> خیر | P86: {=IF(A86="","",IF(SUMPRODUCT(($F$2:$F$969=F86)*($I$2:$I$969=I86))=1,"خیر",IF(SUMPRODUCT(($F$2:F86=F86)*($I$2:I86=I86))=1,"بله-1","بله")))} -> خیر
A87: 510020282 | B87: فروردین | C87: 1405-01 | D87: یخچال ساید‌بای‌ساید | E87: C2S-29HS1 | F87: 52240001N01500 | G87: یخزدگی مواد غذایی در تمام طبقات — ایاب و ذهاب به عهده شرکت | H87: خرابی سنسور دمای کابین یخچال - ساید بای ساید | I87: 1405/01/26 | J87: 1403/07/17 | K87: 1404/08/11 | L87: =IF(OR(TRIM(I87)="",TRIM(K87)=""),"",IFERROR((VALUE(LEFT(TRIM(I87),4))-VALUE(LEFT(TRIM(K87),4)))*12+VALUE(MID(TRIM(I87),6,2))-VALUE(MID(TRIM(K87),6,2)),"")) -> 5 | M87: =IF(TRIM(H87)="","",IFERROR(LOOKUP(2,1/(ISNUMBER(SEARCH('منطق دسته‌بندی'!$A$2:$A$187,H87))),'منطق دسته‌بندی'!$B$2:$B$187),"سایر (نیازمند بررسی دستی)")) -> خرابی - ترموستات/سنسور دما (تعویض) | N87: ترموستات ساید بای ساید | O87: {=IF(A87="","",IF(SUMPRODUCT(($B$2:$B$965=B87)*($C$2:$C$965=C87)*($D$2:$D$965=D87)*($E$2:$E$965=E87)*($F$2:$F$965=F87)*($G$2:$G$965=G87)*($H$2:$H$965=H87)*($I$2:$I$965=I87)*($J$2:$J$965=J87)*($K$2:$K$965=K87)*($N$2:$N$965=N87))=1,"خیر",IF(SUMPRODUCT(($B$2:B87=B87)*($C$2:C87=C87)*($D$2:D87=D87)*($E$2:E87=E87)*($F$2:F87=F87)*($G$2:G87=G87)*($H$2:H87=H87)*($I$2:I87=I87)*($J$2:J87=J87)*($K$2:K87=K87)*($N$2:N87=N87))=1,"بله-1","بله")))} -> خیر | P87: {=IF(A87="","",IF(SUMPRODUCT(($F$2:$F$969=F87)*($I$2:$I$969=I87))=1,"خیر",IF(SUMPRODUCT(($F$2:F87=F87)*($I$2:I87=I87))=1,"بله-1","بله")))} -> خیر
A88: 130010182 | B88: مرداد | C88: 1405-05 | D88: یخچال ساید‌بای‌ساید | E88: C2S-29HS1 | F88: 52240001N01462 | G88: از کار افتادن محصول**اياب و ذهاب به عهده شرکت | H88: خرابي کمپرسور - از کارافتادن - سايد باي سايد | I88: 1405/05/26 | J88: 1403/07/11 | K88: 1405/03/10 | L88: =IF(OR(TRIM(I88)="",TRIM(K88)=""),"",IFERROR((VALUE(LEFT(TRIM(I88),4))-VALUE(LEFT(TRIM(K88),4)))*12+VALUE(MID(TRIM(I88),6,2))-VALUE(MID(TRIM(K88),6,2)),"")) -> 2 | M88: =IF(TRIM(H88)="","",IFERROR(LOOKUP(2,1/(ISNUMBER(SEARCH('منطق دسته‌بندی'!$A$2:$A$187,H88))),'منطق دسته‌بندی'!$B$2:$B$187),"سایر (نیازمند بررسی دستی)")) -> خرابی - کمپرسور (تعویض) | N88: LM60&LM70-VFL110CY کمپرسور اينورتر دانپر فريزر | O88: {=IF(A88="","",IF(SUMPRODUCT(($B$2:$B$965=B88)*($C$2:$C$965=C88)*($D$2:$D$965=D88)*($E$2:$E$965=E88)*($F$2:$F$965=F88)*($G$2:$G$965=G88)*($H$2:$H$965=H88)*($I$2:$I$965=I88)*($J$2:$J$965=J88)*($K$2:$K$965=K88)*($N$2:$N$965=N88))=1,"خیر",IF(SUMPRODUCT(($B$2:B88=B88)*($C$2:C88=C88)*($D$2:D88=D88)*($E$2:E88=E88)*($F$2:F88=F88)*($G$2:G88=G88)*($H$2:H88=H88)*($I$2:I88=I88)*($J$2:J88=J88)*($K$2:K88=K88)*($N$2:N88=N88))=1,"بله-1","بله")))} -> خیر | P88: {=IF(A88="","",IF(SUMPRODUCT(($F$2:$F$969=F88)*($I$2:$I$969=I88))=1,"خیر",IF(SUMPRODUCT(($F$2:F88=F88)*($I$2:I88=I88))=1,"بله-1","بله")))} -> خیر
A89: 803211 | B89: مرداد | C89: 1405-05 | D89: یخچال ساید‌بای‌ساید | E89: C2S-29HS1 | F89: 52240001N01417 | G89: گرم شدن محصول — ایاب و ذهاب به عهده مشتری | H89: خرابی کمپرسور - از کارافتادن - ساید بای ساید | I89: 1405/05/03 | J89: 1403/05/29 | K89: 1403/11/23 | L89: =IF(OR(TRIM(I89)="",TRIM(K89)=""),"",IFERROR((VALUE(LEFT(TRIM(I89),4))-VALUE(LEFT(TRIM(K89),4)))*12+VALUE(MID(TRIM(I89),6,2))-VALUE(MID(TRIM(K89),6,2)),"")) -> 18 | M89: =IF(TRIM(H89)="","",IFERROR(LOOKUP(2,1/(ISNUMBER(SEARCH('منطق دسته‌بندی'!$A$2:$A$187,H89))),'منطق دسته‌بندی'!$B$2:$B$187),"سایر (نیازمند بررسی دستی)")) -> خرابی - کمپرسور (تعویض) | N89: کمپرسور اینورتر سایدبای ساید C2S-29HS1-VFL110CY | O89: {=IF(A89="","",IF(SUMPRODUCT(($B$2:$B$965=B89)*($C$2:$C$965=C89)*($D$2:$D$965=D89)*($E$2:$E$965=E89)*($F$2:$F$965=F89)*($G$2:$G$965=G89)*($H$2:$H$965=H89)*($I$2:$I$965=I89)*($J$2:$J$965=J89)*($K$2:$K$965=K89)*($N$2:$N$965=N89))=1,"خیر",IF(SUMPRODUCT(($B$2:B89=B89)*($C$2:C89=C89)*($D$2:D89=D89)*($E$2:E89=E89)*($F$2:F89=F89)*($G$2:G89=G89)*($H$2:H89=H89)*($I$2:I89=I89)*($J$2:J89=J89)*($K$2:K89=K89)*($N$2:N89=N89))=1,"بله-1","بله")))} -> خیر | P89: {=IF(A89="","",IF(SUMPRODUCT(($F$2:$F$969=F89)*($I$2:$I$969=I89))=1,"خیر",IF(SUMPRODUCT(($F$2:F89=F89)*($I$2:I89=I89))=1,"بله-1","بله")))} -> خیر
A90: 510023639 | B90: مرداد | C90: 1405-05 | D90: یخچال ساید‌بای‌ساید | E90: C2S-29HS1 | F90: 52240001N01417 | G90: عدم کارکرد یخساز — ایاب و ذهاب به عهده مشتری | H90: خرابی موتور یخساز | I90: 1405/05/15 | J90: 1403/05/29 | K90: 1403/11/23 | L90: =IF(OR(TRIM(I90)="",TRIM(K90)=""),"",IFERROR((VALUE(LEFT(TRIM(I90),4))-VALUE(LEFT(TRIM(K90),4)))*12+VALUE(MID(TRIM(I90),6,2))-VALUE(MID(TRIM(K90),6,2)),"")) -> 18 | M90: =IF(TRIM(H90)="","",IFERROR(LOOKUP(2,1/(ISNUMBER(SEARCH('منطق دسته‌بندی'!$A$2:$A$187,H90))),'منطق دسته‌بندی'!$B$2:$B$187),"سایر (نیازمند بررسی دستی)")) -> یخساز - خرابی موتور (تعویض) | N90: C2S-29HS1 موتور یخساز ساید بای ساید | O90: {=IF(A90="","",IF(SUMPRODUCT(($B$2:$B$965=B90)*($C$2:$C$965=C90)*($D$2:$D$965=D90)*($E$2:$E$965=E90)*($F$2:$F$965=F90)*($G$2:$G$965=G90)*($H$2:$H$965=H90)*($I$2:$I$965=I90)*($J$2:$J$965=J90)*($K$2:$K$965=K90)*($N$2:$N$965=N90))=1,"خیر",IF(SUMPRODUCT(($B$2:B90=B90)*($C$2:C90=C90)*($D$2:D90=D90)*($E$2:E90=E90)*($F$2:F90=F90)*($G$2:G90=G90)*($H$2:H90=H90)*($I$2:I90=I90)*($J$2:J90=J90)*($K$2:K90=K90)*($N$2:N90=N90))=1,"بله-1","بله")))} -> خیر | P90: {=IF(A90="","",IF(SUMPRODUCT(($F$2:$F$969=F90)*($I$2:$I$969=I90))=1,"خیر",IF(SUMPRODUCT(($F$2:F90=F90)*($I$2:I90=I90))=1,"بله-1","بله")))} -> خیر
A91: 510024985 | B91: شهریور | C91: 1405-06 | D91: یخچال ساید‌بای‌ساید | E91: C2S-29HS1 | F91: 52240001N01417 | G91: عدم تخليه يخ به صورت قالبي**اياب و ذهاب به عهده مشتري | H91: اصلاح دمپر پلاستيکي پشت کابين - سايد باي سايد | I91: 1405/06/03 | J91: 1403/05/29 | K91: 1403/11/23 | L91: =IF(OR(TRIM(I91)="",TRIM(K91)=""),"",IFERROR((VALUE(LEFT(TRIM(I91),4))-VALUE(LEFT(TRIM(K91),4)))*12+VALUE(MID(TRIM(I91),6,2))-VALUE(MID(TRIM(K91),6,2)),"")) -> 19 | M91: =IF(TRIM(H91)="","",IFERROR(LOOKUP(2,1/(ISNUMBER(SEARCH('منطق دسته‌بندی'!$A$2:$A$187,H91))),'منطق دسته‌بندی'!$B$2:$B$187),"سایر (نیازمند بررسی دستی)")) -> یخساز - تنظیم/عایق (تعمیر) | N91: C2S-29HS1 دمپر کامل خروجي يخساز سايد باي سايد | O91: {=IF(A91="","",IF(SUMPRODUCT(($B$2:$B$965=B91)*($C$2:$C$965=C91)*($D$2:$D$965=D91)*($E$2:$E$965=E91)*($F$2:$F$965=F91)*($G$2:$G$965=G91)*($H$2:$H$965=H91)*($I$2:$I$965=I91)*($J$2:$J$965=J91)*($K$2:$K$965=K91)*($N$2:$N$965=N91))=1,"خیر",IF(SUMPRODUCT(($B$2:B91=B91)*($C$2:C91=C91)*($D$2:D91=D91)*($E$2:E91=E91)*($F$2:F91=F91)*($G$2:G91=G91)*($H$2:H91=H91)*($I$2:I91=I91)*($J$2:J91=J91)*($K$2:K91=K91)*($N$2:N91=N91))=1,"بله-1","بله")))} -> خیر | P91: {=IF(A91="","",IF(SUMPRODUCT(($F$2:$F$969=F91)*($I$2:$I$969=I91))=1,"خیر",IF(SUMPRODUCT(($F$2:F91=F91)*($I$2:I91=I91))=1,"بله-1","بله")))} -> خیر
A92: 510024378 | B92: مرداد | C92: 1405-05 | D92: یخچال ساید‌بای‌ساید | E92: C2S-29HS1 | F92: 52240001N01372 | G92: عدم کارکرد يخساز** | H92: خرابي موتور يخساز - سايد باي سايد | I92: 1405/05/27 | J92: 1403/11/24 | K92: 1405/03/25 | L92: =IF(OR(TRIM(I92)="",TRIM(K92)=""),"",IFERROR((VALUE(LEFT(TRIM(I92),4))-VALUE(LEFT(TRIM(K92),4)))*12+VALUE(MID(TRIM(I92),6,2))-VALUE(MID(TRIM(K92),6,2)),"")) -> 2 | M92: =IF(TRIM(H92)="","",IFERROR(LOOKUP(2,1/(ISNUMBER(SEARCH('منطق دسته‌بندی'!$A$2:$A$187,H92))),'منطق دسته‌بندی'!$B$2:$B$187),"سایر (نیازمند بررسی دستی)")) -> یخساز - خرابی موتور (تعویض) | N92: C2S-29HS1 موتور يخساز سايد باي سايد | O92: {=IF(A92="","",IF(SUMPRODUCT(($B$2:$B$965=B92)*($C$2:$C$965=C92)*($D$2:$D$965=D92)*($E$2:$E$965=E92)*($F$2:$F$965=F92)*($G$2:$G$965=G92)*($H$2:$H$965=H92)*($I$2:$I$965=I92)*($J$2:$J$965=J92)*($K$2:$K$965=K92)*($N$2:$N$965=N92))=1,"خیر",IF(SUMPRODUCT(($B$2:B92=B92)*($C$2:C92=C92)*($D$2:D92=D92)*($E$2:E92=E92)*($F$2:F92=F92)*($G$2:G92=G92)*($H$2:H92=H92)*($I$2:I92=I92)*($J$2:J92=J92)*($K$2:K92=K92)*($N$2:N92=N92))=1,"بله-1","بله")))} -> خیر | P92: {=IF(A92="","",IF(SUMPRODUCT(($F$2:$F$969=F92)*($I$2:$I$969=I92))=1,"خیر",IF(SUMPRODUCT(($F$2:F92=F92)*($I$2:I92=I92))=1,"بله-1","بله")))} -> خیر
A93: 130009640 | B93: مرداد | C93: 1405-05 | D93: یخچال ساید‌بای‌ساید | E93: C2S-29HS1 | F93: 52240001N01358 | G93: ترک وان — ایاب و ذهاب به عهده مشتری | H93: ترک وان | I93: 1405/05/17 | J93: 1403/06/05 | K93: 1403/11/20 | L93: =IF(OR(TRIM(I93)="",TRIM(K93)=""),"",IFERROR((VALUE(LEFT(TRIM(I93),4))-VALUE(LEFT(TRIM(K93),4)))*12+VALUE(MID(TRIM(I93),6,2))-VALUE(MID(TRIM(K93),6,2)),"")) -> 18 | M93: =IF(TRIM(H93)="","",IFERROR(LOOKUP(2,1/(ISNUMBER(SEARCH('منطق دسته‌بندی'!$A$2:$A$187,H93))),'منطق دسته‌بندی'!$B$2:$B$187),"سایر (نیازمند بررسی دستی)")) -> وان/کابین - ترک (نیازمند تعویض/بررسی) | N93: — | O93: {=IF(A93="","",IF(SUMPRODUCT(($B$2:$B$965=B93)*($C$2:$C$965=C93)*($D$2:$D$965=D93)*($E$2:$E$965=E93)*($F$2:$F$965=F93)*($G$2:$G$965=G93)*($H$2:$H$965=H93)*($I$2:$I$965=I93)*($J$2:$J$965=J93)*($K$2:$K$965=K93)*($N$2:$N$965=N93))=1,"خیر",IF(SUMPRODUCT(($B$2:B93=B93)*($C$2:C93=C93)*($D$2:D93=D93)*($E$2:E93=E93)*($F$2:F93=F93)*($G$2:G93=G93)*($H$2:H93=H93)*($I$2:I93=I93)*($J$2:J93=J93)*($K$2:K93=K93)*($N$2:N93=N93))=1,"بله-1","بله")))} -> خیر | P93: {=IF(A93="","",IF(SUMPRODUCT(($F$2:$F$969=F93)*($I$2:$I$969=I93))=1,"خیر",IF(SUMPRODUCT(($F$2:F93=F93)*($I$2:I93=I93))=1,"بله-1","بله")))} -> خیر
A94: 210008359 | B94: اردیبهشت | C94: 1405-02 | D94: یخچال ساید‌بای‌ساید | E94: C2S-29HS1 | F94: 52240001N01301 | G94: صدای غیرعادی درب ایاب و ذهاب به عهده مشتری | H94: تعویض آرام بند - ساید بای ساید | I94: 1405/02/15 | J94: 1403/06/04 | K94: 1403/07/17 | L94: =IF(OR(TRIM(I94)="",TRIM(K94)=""),"",IFERROR((VALUE(LEFT(TRIM(I94),4))-VALUE(LEFT(TRIM(K94),4)))*12+VALUE(MID(TRIM(I94),6,2))-VALUE(MID(TRIM(K94),6,2)),"")) -> 19 | M94: =IF(TRIM(H94)="","",IFERROR(LOOKUP(2,1/(ISNUMBER(SEARCH('منطق دسته‌بندی'!$A$2:$A$187,H94))),'منطق دسته‌بندی'!$B$2:$B$187),"سایر (نیازمند بررسی دستی)")) -> آرام‌بند درب (تعویض) | N94: آرام‌بند درب ساید بای ساید | O94: {=IF(A94="","",IF(SUMPRODUCT(($B$2:$B$965=B94)*($C$2:$C$965=C94)*($D$2:$D$965=D94)*($E$2:$E$965=E94)*($F$2:$F$965=F94)*($G$2:$G$965=G94)*($H$2:$H$965=H94)*($I$2:$I$965=I94)*($J$2:$J$965=J94)*($K$2:$K$965=K94)*($N$2:$N$965=N94))=1,"خیر",IF(SUMPRODUCT(($B$2:B94=B94)*($C$2:C94=C94)*($D$2:D94=D94)*($E$2:E94=E94)*($F$2:F94=F94)*($G$2:G94=G94)*($H$2:H94=H94)*($I$2:I94=I94)*($J$2:J94=J94)*($K$2:K94=K94)*($N$2:N94=N94))=1,"بله-1","بله")))} -> خیر | P94: {=IF(A94="","",IF(SUMPRODUCT(($F$2:$F$969=F94)*($I$2:$I$969=I94))=1,"خیر",IF(SUMPRODUCT(($F$2:F94=F94)*($I$2:I94=I94))=1,"بله-1","بله")))} -> خیر
A95: 210015866 | B95: فروردین | C95: 1405-01 | D95: یخچال ساید‌بای‌ساید | E95: C2S-29HS1 | F95: 52240001N01260 | G95: تعویض فیلتر - غیرگارانتی | H95: تعویض فیلتر / غیرگارانتی - ساید بای ساید | I95: 1405/01/22 | J95: 1403/05/21 | K95: 1404/05/04 | L95: =IF(OR(TRIM(I95)="",TRIM(K95)=""),"",IFERROR((VALUE(LEFT(TRIM(I95),4))-VALUE(LEFT(TRIM(K95),4)))*12+VALUE(MID(TRIM(I95),6,2))-VALUE(MID(TRIM(K95),6,2)),"")) -> 8 | M95: =IF(TRIM(H95)="","",IFERROR(LOOKUP(2,1/(ISNUMBER(SEARCH('منطق دسته‌بندی'!$A$2:$A$187,H95))),'منطق دسته‌بندی'!$B$2:$B$187),"سایر (نیازمند بررسی دستی)")) -> غیرگارانتی/بدون قطعه | N95: — | O95: {=IF(A95="","",IF(SUMPRODUCT(($B$2:$B$965=B95)*($C$2:$C$965=C95)*($D$2:$D$965=D95)*($E$2:$E$965=E95)*($F$2:$F$965=F95)*($G$2:$G$965=G95)*($H$2:$H$965=H95)*($I$2:$I$965=I95)*($J$2:$J$965=J95)*($K$2:$K$965=K95)*($N$2:$N$965=N95))=1,"خیر",IF(SUMPRODUCT(($B$2:B95=B95)*($C$2:C95=C95)*($D$2:D95=D95)*($E$2:E95=E95)*($F$2:F95=F95)*($G$2:G95=G95)*($H$2:H95=H95)*($I$2:I95=I95)*($J$2:J95=J95)*($K$2:K95=K95)*($N$2:N95=N95))=1,"بله-1","بله")))} -> خیر | P95: {=IF(A95="","",IF(SUMPRODUCT(($F$2:$F$969=F95)*($I$2:$I$969=I95))=1,"خیر",IF(SUMPRODUCT(($F$2:F95=F95)*($I$2:I95=I95))=1,"بله-1","بله")))} -> خیر
A96: 210019017 | B96: مرداد | C96: 1405-05 | D96: یخچال ساید‌بای‌ساید | E96: C2S-29HS1 | F96: 52240001N01244 | G96: صدای غیرعادی درب — ایاب و ذهاب به عهده شرکت | H96: تعویض آرام بند | I96: 1405/05/17 | J96: 1403/05/17 | K96: 1405/05/10 | L96: =IF(OR(TRIM(I96)="",TRIM(K96)=""),"",IFERROR((VALUE(LEFT(TRIM(I96),4))-VALUE(LEFT(TRIM(K96),4)))*12+VALUE(MID(TRIM(I96),6,2))-VALUE(MID(TRIM(K96),6,2)),"")) -> 0 | M96: =IF(TRIM(H96)="","",IFERROR(LOOKUP(2,1/(ISNUMBER(SEARCH('منطق دسته‌بندی'!$A$2:$A$187,H96))),'منطق دسته‌بندی'!$B$2:$B$187),"سایر (نیازمند بررسی دستی)")) -> آرام‌بند درب (تعویض) | N96: C2S-29HS1 آرام بند فریزر ساید بای ساید | O96: {=IF(A96="","",IF(SUMPRODUCT(($B$2:$B$965=B96)*($C$2:$C$965=C96)*($D$2:$D$965=D96)*($E$2:$E$965=E96)*($F$2:$F$965=F96)*($G$2:$G$965=G96)*($H$2:$H$965=H96)*($I$2:$I$965=I96)*($J$2:$J$965=J96)*($K$2:$K$965=K96)*($N$2:$N$965=N96))=1,"خیر",IF(SUMPRODUCT(($B$2:B96=B96)*($C$2:C96=C96)*($D$2:D96=D96)*($E$2:E96=E96)*($F$2:F96=F96)*($G$2:G96=G96)*($H$2:H96=H96)*($I$2:I96=I96)*($J$2:J96=J96)*($K$2:K96=K96)*($N$2:N96=N96))=1,"بله-1","بله")))} -> خیر | P96: {=IF(A96="","",IF(SUMPRODUCT(($F$2:$F$969=F96)*($I$2:$I$969=I96))=1,"خیر",IF(SUMPRODUCT(($F$2:F96=F96)*($I$2:I96=I96))=1,"بله-1","بله")))} -> خیر
A97: 210017383 | B97: مرداد | C97: 1405-05 | D97: یخچال ساید‌بای‌ساید | E97: C2S-29HS1 | F97: 52240001N01243 | G97: عدم کارکرد یخساز — ایاب و ذهاب به عهده مشتری | H97: اصلاح دمپر پلاستیکی پشت کابین - ساید بای ساید | I97: 1405/05/05 | J97: 1403/05/27 | K97: 1403/08/07 | L97: =IF(OR(TRIM(I97)="",TRIM(K97)=""),"",IFERROR((VALUE(LEFT(TRIM(I97),4))-VALUE(LEFT(TRIM(K97),4)))*12+VALUE(MID(TRIM(I97),6,2))-VALUE(MID(TRIM(K97),6,2)),"")) -> 21 | M97: =IF(TRIM(H97)="","",IFERROR(LOOKUP(2,1/(ISNUMBER(SEARCH('منطق دسته‌بندی'!$A$2:$A$187,H97))),'منطق دسته‌بندی'!$B$2:$B$187),"سایر (نیازمند بررسی دستی)")) -> یخساز - تنظیم/عایق (تعمیر) | N97: — | O97: {=IF(A97="","",IF(SUMPRODUCT(($B$2:$B$965=B97)*($C$2:$C$965=C97)*($D$2:$D$965=D97)*($E$2:$E$965=E97)*($F$2:$F$965=F97)*($G$2:$G$965=G97)*($H$2:$H$965=H97)*($I$2:$I$965=I97)*($J$2:$J$965=J97)*($K$2:$K$965=K97)*($N$2:$N$965=N97))=1,"خیر",IF(SUMPRODUCT(($B$2:B97=B97)*($C$2:C97=C97)*($D$2:D97=D97)*($E$2:E97=E97)*($F$2:F97=F97)*($G$2:G97=G97)*($H$2:H97=H97)*($I$2:I97=I97)*($J$2:J97=J97)*($K$2:K97=K97)*($N$2:N97=N97))=1,"بله-1","بله")))} -> خیر | P97: {=IF(A97="","",IF(SUMPRODUCT(($F$2:$F$969=F97)*($I$2:$I$969=I97))=1,"خیر",IF(SUMPRODUCT(($F$2:F97=F97)*($I$2:I97=I97))=1,"بله-1","بله")))} -> خیر
A98: 210004827 | B98: فروردین | C98: 1405-01 | D98: یخچال ساید‌بای‌ساید | E98: C2S-29HS1 | F98: 52240001N01238 | G98: عدم کارکرد یخساز — ایاب و ذهاب به عهده شرکت | H98: شکستگی کاور بالای یخساز - ساید بای ساید | I98: 1405/01/19 | J98: 1403/05/17 | K98: 1403/05/17 | L98: =IF(OR(TRIM(I98)="",TRIM(K98)=""),"",IFERROR((VALUE(LEFT(TRIM(I98),4))-VALUE(LEFT(TRIM(K98),4)))*12+VALUE(MID(TRIM(I98),6,2))-VALUE(MID(TRIM(K98),6,2)),"")) -> 20 | M98: =IF(TRIM(H98)="","",IFERROR(LOOKUP(2,1/(ISNUMBER(SEARCH('منطق دسته‌بندی'!$A$2:$A$187,H98))),'منطق دسته‌بندی'!$B$2:$B$187),"سایر (نیازمند بررسی دستی)")) -> یخساز - کاور (تعویض) | N98: کاور بالای یخساز | O98: {=IF(A98="","",IF(SUMPRODUCT(($B$2:$B$965=B98)*($C$2:$C$965=C98)*($D$2:$D$965=D98)*($E$2:$E$965=E98)*($F$2:$F$965=F98)*($G$2:$G$965=G98)*($H$2:$H$965=H98)*($I$2:$I$965=I98)*($J$2:$J$965=J98)*($K$2:$K$965=K98)*($N$2:$N$965=N98))=1,"خیر",IF(SUMPRODUCT(($B$2:B98=B98)*($C$2:C98=C98)*($D$2:D98=D98)*($E$2:E98=E98)*($F$2:F98=F98)*($G$2:G98=G98)*($H$2:H98=H98)*($I$2:I98=I98)*($J$2:J98=J98)*($K$2:K98=K98)*($N$2:N98=N98))=1,"بله-1","بله")))} -> خیر | P98: {=IF(A98="","",IF(SUMPRODUCT(($F$2:$F$969=F98)*($I$2:$I$969=I98))=1,"خیر",IF(SUMPRODUCT(($F$2:F98=F98)*($I$2:I98=I98))=1,"بله-1","بله")))} -> خیر
A99: 210004826 | B99: فروردین | C99: 1405-01 | D99: یخچال ساید‌بای‌ساید | E99: C2S-29HS1 | F99: 52240001N01229 | G99: عدم کارکرد یخسازایاب و ذهاب به عهده شرکت | H99: اصلاح دمپر پلاستیکی پشت کابین - ساید بای ساید | I99: 1405/01/22 | J99: 1403/05/12 | K99: 1404/04/28 | L99: =IF(OR(TRIM(I99)="",TRIM(K99)=""),"",IFERROR((VALUE(LEFT(TRIM(I99),4))-VALUE(LEFT(TRIM(K99),4)))*12+VALUE(MID(TRIM(I99),6,2))-VALUE(MID(TRIM(K99),6,2)),"")) -> 9 | M99: =IF(TRIM(H99)="","",IFERROR(LOOKUP(2,1/(ISNUMBER(SEARCH('منطق دسته‌بندی'!$A$2:$A$187,H99))),'منطق دسته‌بندی'!$B$2:$B$187),"سایر (نیازمند بررسی دستی)")) -> یخساز - تنظیم/عایق (تعمیر) | N99: — | O99: {=IF(A99="","",IF(SUMPRODUCT(($B$2:$B$965=B99)*($C$2:$C$965=C99)*($D$2:$D$965=D99)*($E$2:$E$965=E99)*($F$2:$F$965=F99)*($G$2:$G$965=G99)*($H$2:$H$965=H99)*($I$2:$I$965=I99)*($J$2:$J$965=J99)*($K$2:$K$965=K99)*($N$2:$N$965=N99))=1,"خیر",IF(SUMPRODUCT(($B$2:B99=B99)*($C$2:C99=C99)*($D$2:D99=D99)*($E$2:E99=E99)*($F$2:F99=F99)*($G$2:G99=G99)*($H$2:H99=H99)*($I$2:I99=I99)*($J$2:J99=J99)*($K$2:K99=K99)*($N$2:N99=N99))=1,"بله-1","بله")))} -> خیر | P99: {=IF(A99="","",IF(SUMPRODUCT(($F$2:$F$969=F99)*($I$2:$I$969=I99))=1,"خیر",IF(SUMPRODUCT(($F$2:F99=F99)*($I$2:I99=I99))=1,"بله-1","بله")))} -> خیر
A100: 210004825 | B100: فروردین | C100: 1405-01 | D100: یخچال ساید‌بای‌ساید | E100: C2S-29HS1 | F100: 52240001N01196 | G100: عدم کارکرد یخساز ایاب و ذهاب به عهده شرکت | H100: خرابی موتور یخساز - ساید بای ساید | I100: 1405/01/23 | J100: 1403/04/24 | K100: 1404/03/12 | L100: =IF(OR(TRIM(I100)="",TRIM(K100)=""),"",IFERROR((VALUE(LEFT(TRIM(I100),4))-VALUE(LEFT(TRIM(K100),4)))*12+VALUE(MID(TRIM(I100),6,2))-VALUE(MID(TRIM(K100),6,2)),"")) -> 10 | M100: =IF(TRIM(H100)="","",IFERROR(LOOKUP(2,1/(ISNUMBER(SEARCH('منطق دسته‌بندی'!$A$2:$A$187,H100))),'منطق دسته‌بندی'!$B$2:$B$187),"سایر (نیازمند بررسی دستی)")) -> یخساز - خرابی موتور (تعویض) | N100: خرابی موتور یخساز ساید | O100: {=IF(A100="","",IF(SUMPRODUCT(($B$2:$B$965=B100)*($C$2:$C$965=C100)*($D$2:$D$965=D100)*($E$2:$E$965=E100)*($F$2:$F$965=F100)*($G$2:$G$965=G100)*($H$2:$H$965=H100)*($I$2:$I$965=I100)*($J$2:$J$965=J100)*($K$2:$K$965=K100)*($N$2:$N$965=N100))=1,"خیر",IF(SUMPRODUCT(($B$2:B100=B100)*($C$2:C100=C100)*($D$2:D100=D100)*($E$2:E100=E100)*($F$2:F100=F100)*($G$2:G100=G100)*($H$2:H100=H100)*($I$2:I100=I100)*($J$2:J100=J100)*($K$2:K100=K100)*($N$2:N100=N100))=1,"بله-1","بله")))} -> خیر | P100: {=IF(A100="","",IF(SUMPRODUCT(($F$2:$F$969=F100)*($I$2:$I$969=I100))=1,"خیر",IF(SUMPRODUCT(($F$2:F100=F100)*($I$2:I100=I100))=1,"بله-1","بله")))} -> خیر
...

Sheet منطق دسته‌بندی
A1: کلیدواژه / عبارت | B1: دسته علت خرابی | C1: اولویت
A2: برد نمایشگر | B2: خرابی - برد نمایش/مین برد (تعویض) | C2: 1
A3: مین برد | B3: خرابی - برد نمایش/مین برد (تعویض) | C3: 1
A4: مين برد | B4: خرابی - برد نمایش/مین برد (تعویض) | C4: 1
A5: برد | B5: خرابی - برد الکترونیک (تعویض) | C5: 1
A6: دیسپلی | B6: خرابی - برد الکترونیک (تعویض) | C6: 1
A7: ديسپل | B7: خرابی - برد الکترونیک (تعویض) | C7: 1
A8: ریموت | B8: ریموت کنترل (تعویض/تعمیر) | C8: 1
A9: ريموت | B9: ریموت کنترل (تعویض/تعمیر) | C9: 1
A10: LED | B10: خرابی - لامپ/LED داخلی (تعویض) | C10: 1
A11: ال ای دی | B11: خرابی - لامپ/LED داخلی (تعویض) | C11: 1
A12: ال اي دي | B12: خرابی - لامپ/LED داخلی (تعویض) | C12: 1
A13: زنگ زدگی | B13: زنگ‌زدگی بدنه/قطعه (تعویض) | C13: 1
... A187: تنظیم ترموستات | B187: تنظیم ترموستات (تعمیر/تنظیم) | C187: 9
